UDI,Product ID,Type,Air temperature [K],Process temperature [K],Rotational speed [rpm],Torque [Nm],Tool wear [min],Machine failure,Failure Type
1,H25795,H,296.2255910060525,310.35353509631113,1530,45.33359415027163,143,0,No Failure
2,L86820,L,296.76719354259507,307.61308425289803,1225,38.39043429434955,135,0,No Failure
3,H16265,M,300.0468675660077,308.3559142035174,1582,38.62911243317788,88,0,No Failure
4,H47194,M,297.45525270029276,309.8933011835611,1314,39.545359135881625,95,0,No Failure
5,H54131,M,296.94495430590956,306.96031198224927,1581,43.87062450339106,125,0,No Failure
6,H77221,L,294.95503468662554,309.74122052938304,1681,43.15479538511457,89,0,No Failure
7,L10769,H,296.9299680283166,310.61080035633853,1483,40.67535939930897,243,0,No Failure
8,M77969,L,297.8420795887075,307.16663150400564,1586,33.86132329197739,85,0,No Failure
9,L93104,M,296.11389556032066,310.20408150889443,1274,43.06529587883163,158,0,No Failure
10,M38693,L,297.75582491652625,305.5091321086376,1365,35.69297682608514,234,0,No Failure
11,L35658,L,300.05594659098733,308.73440059219183,1388,35.4205130310014,137,0,No Failure
12,H28431,H,297.08904198950745,306.3071022264443,1277,34.307574550311585,183,0,No Failure
13,H75725,H,296.73492542594505,309.5638528228043,1634,39.58415644598982,120,0,No Failure
14,M94654,M,296.46414779970235,309.4406840726333,1289,46.05862149235344,75,0,No Failure
15,M77435,L,296.43735386122626,311.26606999338685,1375,35.17319727809893,244,0,No Failure
16,H76803,L,298.95336617033263,310.2819244744287,1220,48.39287976587044,91,0,No Failure
17,L21394,H,298.22300310532455,307.9013432035978,1253,44.54905111226786,69,0,No Failure
18,L13890,L,299.58528531891335,306.5273787690517,1383,32.67698968374688,147,0,No Failure
19,H90038,L,301.17975683748136,308.99853061950404,1558,38.086124089108395,132,0,No Failure
20,M20627,L,295.4044133021363,308.05890288442174,1421,34.79874866504598,22,0,No Failure
21,L83969,H,298.72011806266266,310.47673256689353,1514,43.32477728867858,136,0,No Failure
22,M86552,M,296.47207099834964,304.9004287348763,1527,35.05918326164795,57,0,No Failure
23,M78148,M,299.3333489470501,311.4320851389329,1378,31.8944026147191,186,0,No Failure
24,M33483,L,297.7421319983898,308.9479859114177,1475,38.371371116314556,220,1,Tool Wear Failure
25,H58555,M,298.1909841412962,306.93048181741943,1311,45.846970368481294,207,0,No Failure
26,L27159,H,296.22523385810524,309.25098384112783,1423,39.037418880787236,181,0,No Failure
27,H90077,H,297.5103594623302,310.09613213193455,1413,41.99221931678341,45,1,Random Failures
28,L77121,M,298.28449337666234,308.32152033695553,1258,42.186155487735206,21,0,No Failure
29,M76557,M,300.18411722021006,305.50261942378273,1526,32.438622036294625,191,0,No Failure
30,M88953,L,296.95815920888714,307.7092294454793,1592,35.50312936422673,7,0,No Failure
31,M19692,M,297.3239626427045,309.70909257956316,1308,40.03232093598798,122,0,No Failure
32,H82409,L,299.5664344632734,308.89499710134106,1584,37.21322508172306,19,0,No Failure
33,M47065,L,296.860989574451,307.9152394537469,1356,48.52227275197079,178,0,No Failure
34,M42606,H,299.8635777159612,310.1124737463371,1390,33.85838802459555,77,0,No Failure
35,H50397,H,298.1363701379106,309.25895876124844,1399,35.45369948383575,38,0,No Failure
36,H11016,H,298.60468444238774,309.3745087339075,1511,41.45272129739873,36,0,No Failure
37,M65591,H,298.701283453764,307.53404796202875,1395,36.86053331108355,177,0,No Failure
38,L33247,M,297.22566916989007,307.38892447738084,1234,25.540837005248967,161,0,No Failure
39,L84065,H,298.73483022920857,305.60006041897543,1578,49.67340614706909,74,0,No Failure
40,H19268,M,296.9914453235285,307.7609123660941,1586,34.628473068867564,117,0,No Failure
41,M73704,H,297.3968454938517,309.5530880806972,1445,42.80446361340903,103,0,No Failure
42,L48044,M,298.9880364490499,307.8438600544766,1436,33.733044143879226,160,0,No Failure
43,H71228,L,298.5900909334628,308.8183082697935,1303,35.684825464585046,30,0,No Failure
44,L58984,M,298.0375525737414,309.8167990349799,1206,31.88533498659381,122,0,No Failure
45,H12568,M,296.2619025261055,308.70924948769795,1482,36.2940329986846,53,0,No Failure
46,L77563,H,296.6362625659755,308.8557721426412,1200,36.77859091275725,171,0,No Failure
47,H15258,M,298.56506356585743,306.1132663069437,1418,39.337171613275515,33,1,Power Failure
48,H49504,L,299.2482108452277,307.666152823847,1663,38.13715578811775,241,0,No Failure
49,H71858,L,296.4855317432188,310.73993975974486,1429,32.79240086518086,198,0,No Failure
50,L22666,H,296.89026212882175,308.30569577164414,1654,37.380500858280364,121,0,No Failure
51,L13561,L,298.35127776126654,310.99510727299486,1371,47.235053333874035,112,0,No Failure
52,H74505,M,298.31918179394364,307.0653265540416,1286,46.64195272705906,245,0,No Failure
53,L62251,L,295.7140641868584,308.5009211782018,1240,42.27843514457345,61,0,No Failure
54,H18392,H,298.39234452015995,307.5759823436722,1322,43.31549623370086,22,0,No Failure
55,M62256,M,297.25244828465463,309.0379770276868,1530,50.30411400567673,45,1,Overstrain Failure
56,H45222,H,300.61156994459344,309.49251300209016,1497,42.85623829794249,55,0,No Failure
57,M89575,M,298.5237978141035,309.05369914355134,1572,43.22094930268776,134,0,No Failure
58,L94651,L,298.7822101748138,309.712778215622,1616,32.177084869432285,117,0,No Failure
59,M34538,H,298.8210389532859,308.13024051721646,1377,34.43684719380931,216,1,Tool Wear Failure
60,H80592,H,296.3291089290211,307.8642074485045,1262,39.836548414993985,188,0,No Failure
61,H18110,M,301.0658153396629,305.51271048908603,1683,35.962788874628764,130,0,No Failure
62,M37266,H,295.71563312882324,309.10767640274685,1364,35.01022356488414,165,1,Overstrain Failure
63,L92948,M,299.3435547125496,308.40827613836024,1688,35.587704758838754,211,0,No Failure
64,M16910,M,299.07799590622096,308.04812789365616,1386,32.882146789094364,161,0,No Failure
65,M10206,M,297.43449643013054,307.8637738918185,1582,36.04307756958974,112,0,No Failure
66,H97897,M,299.14967547507007,308.09468065798427,1408,41.697177774054495,43,0,No Failure
67,M33419,L,297.6736402017644,307.7956458027531,1426,48.981619632423424,127,0,No Failure
68,L60015,M,297.13680783271633,307.35794924215503,1631,43.98491091356809,107,0,No Failure
69,H64268,H,298.85433875402936,308.5093833210862,1588,43.18077742519718,157,0,No Failure
70,M90356,L,296.64015851336814,308.87623867839943,1247,31.88233307800797,16,0,No Failure
71,H81910,H,297.8136172618636,306.9941481284207,1423,40.59648352511009,58,0,No Failure
72,L77214,L,297.25873487690507,307.5488966462189,1202,39.665200483514305,137,0,No Failure
73,H43827,M,297.6460307356406,307.84306737310266,1571,41.45370548475589,98,0,No Failure
74,L72623,L,298.7990928986953,308.15721996106515,1374,38.196562652612705,83,0,No Failure
75,H85450,L,297.25845044148065,307.95772179562135,1645,48.31038370507334,145,0,No Failure
76,H32299,H,297.8615141303914,309.1395817994846,1298,40.26387758148911,44,0,No Failure
77,M74044,H,297.3952821221476,305.67144947644425,1315,40.75111677468436,107,0,No Failure
78,M59080,M,300.3159949983618,305.9374442024898,1469,30.187798875765747,218,0,No Failure
79,L12693,L,298.6639185973208,308.44035409888033,1646,39.46662159027839,186,0,No Failure
80,M52941,L,298.48010444945004,307.24597122825827,1567,45.74629675015317,61,0,No Failure
81,H28047,L,299.1751277569351,309.47636345866067,1452,42.777878040705176,58,0,No Failure
82,M85766,M,297.25879813483766,309.9047014288828,1516,29.22204530128446,176,0,No Failure
83,L54262,M,299.43888583749975,308.50062076463433,1614,37.75162463426888,227,0,No Failure
84,M33776,M,298.6692666187491,306.5420376255887,1294,48.659497336815015,190,0,No Failure
85,L76842,M,295.8086636458689,309.73189027434057,1472,39.24679639859238,214,0,No Failure
86,M16776,M,296.0079537503488,308.44835399322545,1579,41.61207991355564,159,0,No Failure
87,L65016,H,297.2915544208239,305.9195960412093,1223,48.095046436436505,137,1,Power Failure
88,H68053,L,296.16849025620223,306.0522205279022,1315,39.22692929226547,10,0,No Failure
89,H13748,L,297.7925823089506,310.42542018456294,1350,43.95514929978952,101,0,No Failure
90,L23545,L,296.62939301287616,310.1767038698918,1537,42.056979385791806,69,0,No Failure
91,H83530,L,298.0034154203936,304.37428528685564,1249,43.12574431755196,122,0,No Failure
92,M71087,L,300.26756406389717,306.11331365711317,1405,41.89607828416735,232,1,Overstrain Failure
93,L64384,L,298.0759346446657,309.86128324343247,1697,37.26185060742607,189,0,No Failure
94,M56576,L,297.69555331764707,308.1222611174104,1534,37.76101224288665,174,0,No Failure
95,M72003,L,298.732363971678,309.2027739282381,1278,35.727119098158376,33,0,No Failure
96,M75318,H,297.1053703106161,308.05707088085285,1269,31.801454405648556,227,0,No Failure
97,M99474,L,299.415121464094,309.1317387351068,1226,46.222649553383214,100,0,No Failure
98,L77172,H,298.89281942968614,308.15875031999815,1470,40.05041483440605,144,0,No Failure
99,L36736,M,298.20829834307284,307.4935876148645,1249,45.97080091262229,231,0,No Failure
100,M10854,L,298.38147374745034,309.7381157448722,1491,47.82686337292325,103,0,No Failure
101,L48623,M,301.21261886584426,308.45308192403843,1446,40.26708740454772,181,0,No Failure
102,L65680,M,299.5634683154018,309.12858307436534,1463,33.432554341546876,203,0,No Failure
103,H56717,M,301.449289946742,308.38617188744115,1278,39.01905927073767,212,0,No Failure
104,M97092,H,298.94804528993865,307.42046465967525,1586,36.644281966184394,39,0,No Failure
105,M36309,M,295.9424628359939,310.5625839670358,1389,30.099247704725062,18,0,No Failure
106,H80467,M,297.7567394457042,308.6824523821365,1246,37.49135547535561,66,0,No Failure
107,H22688,M,295.59969268817787,307.61742703344174,1660,39.642313939677436,81,0,No Failure
108,H47157,L,298.94245455200036,310.06749420547806,1560,36.78337802117672,180,0,No Failure
109,L62083,L,299.26810629601806,306.16876433918156,1553,36.142274565242566,242,1,Tool Wear Failure
110,M75733,H,296.82112600606104,311.50442547619394,1671,33.61232088933522,63,0,No Failure
111,M44698,H,297.1665454305297,307.8812753635048,1687,40.97961074177139,82,0,No Failure
112,H90623,L,298.3731263443528,306.2479786889249,1551,49.346346416081204,46,0,No Failure
113,L52107,H,296.35284390510367,311.00891202268633,1388,46.39311944025574,5,0,No Failure
114,H61663,L,296.24026034613615,307.4552485803908,1615,43.268134439934826,15,0,No Failure
115,L59811,M,300.00794807206165,308.5148668547834,1455,43.37704559465521,199,0,No Failure
116,H82082,M,298.32206592724594,309.2265361121592,1421,39.33678427870438,239,0,No Failure
117,M44754,H,297.31283596344105,309.92625879149017,1571,30.977434103564796,145,1,Heat Dissipation Failure
118,H21411,L,295.6118216671641,308.5996618455823,1440,38.1528415526965,179,0,No Failure
119,H93763,L,299.4285270353417,307.1790268875049,1468,35.15361156333925,175,0,No Failure
120,L94896,H,297.1232226816745,308.478488785001,1200,40.77348374672662,170,0,No Failure
121,H21111,L,300.94102666880576,307.5210266820024,1233,46.166073519693775,38,0,No Failure
122,L11802,M,299.43896514654017,308.52351751454677,1645,49.8670479512423,176,0,No Failure
123,L49384,H,296.9377872183891,310.59222431863526,1278,40.32310515590266,112,0,No Failure
124,M57254,H,297.0767924543028,309.2838877874657,1435,31.66421831411322,139,1,Power Failure
125,H95981,L,300.73277674441647,308.4599696571475,1533,40.31338025080989,236,1,Heat Dissipation Failure
126,M40306,H,298.02361082974824,309.2577362489095,1576,40.44928081456691,137,0,No Failure
127,H56843,L,297.3800331575149,309.36512097786374,1548,43.39421935263099,70,0,No Failure
128,M26371,L,298.19158253271485,306.5331888455469,1297,39.90402224799585,109,0,No Failure
129,L12049,L,297.3731310249193,308.2125840668235,1281,40.332591369803396,54,0,No Failure
130,L30932,L,298.5115727156622,311.99379148899874,1654,36.8396962105647,128,0,No Failure
131,L39855,L,298.0362645677226,309.9692314775478,1676,38.440490084455604,48,0,No Failure
132,H82694,H,299.46326197076723,307.39484666125816,1614,42.56616213407592,163,0,No Failure
133,L17400,M,297.5671388451413,307.24518815582354,1391,29.957581419282498,20,0,No Failure
134,H52642,M,296.8227754499655,307.1952114152366,1452,38.41355717168088,36,0,No Failure
135,H14499,H,297.6265229550646,309.44947992539306,1608,43.439499839979554,115,0,No Failure
136,M69040,H,297.6173741526639,310.5614613816743,1237,48.20364470502767,23,0,No Failure
137,H42711,M,298.033699277209,309.02325056672004,1213,38.008317779348815,54,0,No Failure
138,M63351,M,299.1018104320858,308.3857435248032,1591,45.926848904118934,24,0,No Failure
139,M58354,M,299.01986345120787,307.4837669635508,1546,48.450119227089715,134,0,No Failure
140,M48360,M,299.94948801378786,308.6440597183753,1509,38.07308799468661,126,0,No Failure
141,H12200,M,296.9327654833997,306.9198174198557,1585,37.2089573358409,233,0,No Failure
142,L78497,L,298.73308018457664,305.24635167918314,1408,39.08962764954037,208,0,No Failure
143,M87505,H,299.24097977053106,310.60523853516867,1556,39.59024107468452,92,0,No Failure
144,M71135,L,297.1386693905322,306.6412809944568,1661,45.4541133392776,93,0,No Failure
145,L48467,M,297.8385534205264,307.662751439496,1288,36.13137410245202,70,0,No Failure
146,L96831,M,295.5250331886718,309.13453617594394,1255,47.69032718052735,224,0,No Failure
147,H96416,M,299.51028654268856,310.30170030401905,1293,35.99621223636891,198,0,No Failure
148,L80091,L,297.82675269652015,308.5356959786279,1292,33.67787540191218,121,0,No Failure
149,H50818,L,299.3598462650215,306.35943351850875,1539,42.6188860577934,23,0,No Failure
150,M29830,M,298.45907427681925,307.69798032546265,1284,46.15280214434603,10,0,No Failure
151,M16893,L,297.8722521565377,307.13227189246237,1644,40.893277405064566,72,0,No Failure
152,M89909,L,295.76079580097127,308.092683458793,1444,42.17542198983137,11,0,No Failure
153,M13436,M,296.0275710839253,309.9979767069044,1221,49.77148619012656,34,0,No Failure
154,H86213,L,294.26028072348737,304.3439171058952,1490,46.223263907676504,190,0,No Failure
155,H40746,H,297.306079775757,307.53291525495877,1684,40.1546270889125,195,0,No Failure
156,M58404,H,301.56737305477185,307.4239255454194,1471,37.84426558409031,227,1,Heat Dissipation Failure
157,M49790,H,296.21807891572297,306.2648579826565,1505,45.47529433240693,219,0,No Failure
158,L50764,H,294.20285217487015,309.0282361156244,1321,44.146419567129435,184,0,No Failure
159,H66835,M,299.59400337937825,306.0275361921859,1327,42.09288341330041,140,0,No Failure
160,H83744,M,301.695576803945,306.20015858105546,1312,38.36493157003256,22,0,No Failure
161,M53484,M,298.5968815978897,309.4266038210309,1626,39.61805181866583,82,0,No Failure
162,M46212,H,298.5830985920799,310.400857053444,1472,39.26240217690972,233,0,No Failure
163,M57202,H,297.6851768895344,308.035854847082,1535,38.448156082093526,228,0,No Failure
164,L43828,L,295.4586141542349,306.32390582151606,1641,36.99425931702009,166,0,No Failure
165,L10301,L,295.97393212338477,307.0916688623326,1329,41.32599317974151,87,0,No Failure
166,L76235,H,297.6748700059022,309.66200292086756,1331,36.76842352115328,79,0,No Failure
167,L75726,H,297.38731698995537,308.32465736099505,1284,40.88689585457234,96,1,Overstrain Failure
168,L16102,H,297.9772406083451,307.99844183467707,1622,29.50063383890477,139,0,No Failure
169,L95314,H,299.3939872358922,308.6195745648697,1681,37.00062915699592,33,0,No Failure
170,M44584,L,297.27724325212444,308.0935100847118,1549,45.49164600347024,198,0,No Failure
171,M33093,H,299.42457513460687,310.4685684464888,1589,35.49785387267755,74,0,No Failure
172,M61885,L,297.28706543514585,307.02628510295955,1280,42.960509805215715,158,0,No Failure
173,M82991,H,299.70735938929863,306.85406132474714,1686,35.913581249834614,220,0,No Failure
174,H21093,H,298.2795513506101,306.074819722897,1672,43.878928283966104,127,0,No Failure
175,H45777,H,297.4962544886177,307.34001854641144,1524,38.514455264007296,189,0,No Failure
176,H92074,L,298.25394109082333,306.5120367880007,1268,38.31676697817357,140,1,Tool Wear Failure
177,M55017,L,297.7096917367636,308.47711326297906,1347,40.27175739273508,30,0,No Failure
178,L37751,M,298.31970135651994,308.1814210482877,1647,33.282865164391524,129,0,No Failure
179,L88069,H,299.28715929777616,306.531386749898,1215,44.8604540937823,102,0,No Failure
180,H64748,M,298.0191766023765,309.03370903854193,1506,46.51716720757869,14,1,Tool Wear Failure
181,M29190,M,297.5956467207193,310.4252193006948,1304,38.19984251502521,56,0,No Failure
182,M60993,L,296.46472569263375,308.6867575230065,1364,42.621020854507734,74,0,No Failure
183,L20647,L,299.01876702893753,304.3347527255668,1687,43.894553401060286,33,0,No Failure
184,L98891,M,298.6724083396041,311.1306964560051,1400,39.543712238341854,102,0,No Failure
185,M99912,H,296.3770857236087,309.27038520360657,1396,34.45876423641067,195,1,Heat Dissipation Failure
186,L12368,L,299.40324141688114,311.08462737978266,1625,47.970410659759224,74,0,No Failure
187,M80031,H,296.3527239510965,309.78608537922474,1384,38.037391475356,28,0,No Failure
188,M97922,H,299.69383268685084,310.0857731283058,1521,36.95432615393095,193,0,No Failure
189,H23403,M,299.18179499078053,308.4579003404016,1464,48.193959656669634,15,0,No Failure
190,M88657,M,298.77949828389706,307.7565559817152,1562,43.05029383778102,166,0,No Failure
191,H62921,M,297.5845072612494,308.7102217815982,1299,41.287150380290065,76,0,No Failure
192,H60300,M,299.01366967399963,307.0868223796302,1541,35.146196682987245,36,0,No Failure
193,M65609,L,299.76455799286174,308.80082127635035,1519,44.0140202910661,80,0,No Failure
194,M66661,L,299.0385278816622,304.20982061397393,1413,54.482593027598725,148,1,Random Failures
195,L80313,M,297.1446249674106,308.2143983678216,1477,44.4025383193927,171,0,No Failure
196,M63006,L,298.5511104735332,310.16701418015316,1361,42.48044248146282,123,0,No Failure
197,M25338,M,299.8480524794425,308.2914628683934,1638,43.60546398243048,18,0,No Failure
198,L90135,H,301.448647270835,310.74122410704643,1356,38.359423334157285,198,0,No Failure
199,L13051,H,297.84218053825117,307.75438191822707,1621,38.311746352034255,101,0,No Failure
200,L97142,H,299.4368246591971,309.6539763694817,1450,38.24777257881892,135,0,No Failure
201,M76412,M,299.85172078012647,306.83259488948994,1565,37.12525022306561,76,0,No Failure
202,M79678,H,296.93139250151535,309.59293492933307,1296,38.23777567111991,228,0,No Failure
203,H49734,L,300.8231174770922,308.4988923623417,1217,38.21446403875541,193,0,No Failure
204,L27019,H,296.5522229738748,307.8203742562359,1526,38.77657745582934,40,0,No Failure
205,M93613,H,299.36347827254946,304.28917682740337,1648,38.6366098420995,202,1,Overstrain Failure
206,H96672,H,298.60797966932057,307.76843483629165,1582,41.215059285048504,215,0,No Failure
207,H89634,L,298.2333633399972,308.4701795289197,1296,40.39396509103923,197,0,No Failure
208,M35945,M,301.97024992217297,309.3930641528299,1200,40.836812267558514,60,0,No Failure
209,L42217,L,297.6981171470098,310.4914246986486,1415,47.611487816722416,25,1,Random Failures
210,L15949,M,297.67398161090705,311.2025490520488,1331,40.38367119358256,70,0,No Failure
211,H11150,M,300.1472182110967,310.01940101468443,1459,51.05445496400391,248,0,No Failure
212,L84740,H,299.2927056671302,307.30686451204366,1324,41.76344769911306,102,0,No Failure
213,L76617,M,300.0731483814378,307.6927938657234,1281,37.763702045585816,210,0,No Failure
214,M26896,L,298.32530407351163,309.2583732065655,1482,46.74791619523499,69,0,No Failure
215,H56175,L,298.6254139255182,308.9294216897717,1370,39.60236366145901,106,0,No Failure
216,M15237,M,301.00140341949185,310.59251893908703,1258,28.031579241329357,156,0,No Failure
217,L55543,H,296.89606888062895,311.86908412806486,1231,39.97998429082408,106,1,Overstrain Failure
218,L13343,H,297.9956844338625,311.5507702926473,1360,38.75412081028021,102,0,No Failure
219,L63222,L,299.3473811071381,310.3909072996975,1483,48.032736931441676,193,0,No Failure
220,H26964,H,297.8562087698682,308.9418539734143,1305,35.51216657499817,18,0,No Failure
221,M69638,M,297.29478118107545,310.17398759441875,1304,38.33672590960864,67,0,No Failure
222,H95067,M,299.0777267691798,310.6421615205926,1638,46.33819688030229,185,0,No Failure
223,M77215,L,300.1537084997372,307.92904940411745,1427,41.972042663620904,69,0,No Failure
224,H23284,M,297.9387484557912,307.35100854123687,1387,39.14271587513433,112,0,No Failure
225,M94664,L,297.8971155687839,306.99886849989247,1269,36.21757166763483,56,0,No Failure
226,L71389,M,297.17846796147484,306.835422899832,1517,41.75872863437515,164,0,No Failure
227,L54078,L,297.7060347348914,306.0770070161102,1663,39.85349428390865,60,0,No Failure
228,L61293,H,299.77540911974523,308.5248525636766,1489,36.16085367396401,91,0,No Failure
229,M88781,M,298.27159430604047,306.65037079836776,1286,36.420767293360676,29,0,No Failure
230,L53919,M,296.9425140086045,306.9747167237969,1569,35.927639427774594,198,0,No Failure
231,M45247,L,298.5435435704855,309.2018833387651,1561,35.0372219311806,200,0,No Failure
232,L72752,L,299.726791016479,308.42241359938026,1671,44.67016879986168,152,0,No Failure
233,M69101,M,297.3071715046788,308.7944374109505,1255,43.99696679310219,224,0,No Failure
234,L36646,L,296.15709217060663,310.1977231428381,1312,44.678372281928965,126,0,No Failure
235,M33049,M,301.4362377398091,309.44679486281115,1212,40.02249774384262,192,0,No Failure
236,M78385,H,296.0822059749351,310.42832987217895,1639,38.78685606099922,114,0,No Failure
237,H75417,L,297.6114661542163,308.2699647421671,1217,38.878089450543314,5,0,No Failure
238,M19823,M,298.498192767788,310.56768588696855,1381,45.10550786453054,17,0,No Failure
239,L51975,H,297.74135844813355,308.68960514653617,1660,30.899260890020855,9,0,No Failure
240,L26364,H,298.03763373301746,308.4030593916428,1312,37.427569483212885,91,0,No Failure
241,H40977,M,299.0152572518119,310.34228930941475,1428,35.56327186247791,138,1,Heat Dissipation Failure
242,L59115,L,294.5624175134308,306.84176948121,1370,46.79943773294204,224,0,No Failure
243,H76387,M,296.2496582927142,311.1854008513137,1494,37.61271238276441,192,0,No Failure
244,M21938,H,298.21638907910545,307.72684996994406,1388,31.82005582280113,76,0,No Failure
245,L14000,M,297.54367448203953,306.322838042676,1625,41.11711821123395,100,0,No Failure
246,L48304,L,298.34411688741335,309.1302529280838,1664,38.14942902553043,83,0,No Failure
247,M92986,H,298.49147992394694,307.58401773482257,1278,37.21535596157519,192,0,No Failure
248,L96027,M,294.9761200067935,311.18871063786685,1345,36.69984021637086,51,0,No Failure
249,H13373,L,300.0604604982274,307.5006487718223,1606,36.50257610419597,194,0,No Failure
250,M37350,H,297.40259817534945,308.6216733760279,1381,43.542801574283224,209,1,Power Failure
251,L35351,L,296.85173022283595,306.0116100267828,1698,41.11893683278922,232,0,No Failure
252,L25305,H,298.46253294393887,309.36937136734616,1485,39.01017122184735,205,0,No Failure
253,M86797,M,298.31074034167335,306.9839148862116,1449,34.50880561576832,30,0,No Failure
254,M67458,L,299.94503622648193,309.18998703549886,1553,39.155533383060394,218,0,No Failure
255,L30358,H,298.557809744155,307.5074821404412,1513,41.30313928800013,144,0,No Failure
256,M99588,L,299.88716627203644,305.07959796991577,1395,41.493272241297454,182,0,No Failure
257,M36092,L,296.74273393685843,308.3467851355158,1522,40.804421914958844,109,0,No Failure
258,H10412,M,298.3627915828112,308.2796427756176,1270,35.38703666586236,92,0,No Failure
259,L70692,L,296.47787843901267,309.4716073604339,1447,27.984117037039905,163,0,No Failure
260,L54425,H,298.2965137833404,310.48400085775876,1345,48.99809380025967,228,0,No Failure
261,L28888,H,297.9785680665972,311.01861411487516,1305,33.45181562945734,153,0,No Failure
262,H93042,H,297.9140538621986,309.4462313202063,1462,30.17521020666531,52,0,No Failure
263,M80640,H,297.92720867145755,308.56792878809887,1495,40.65257806502048,144,1,Random Failures
264,H44911,M,299.2545842052769,306.0089996157268,1269,31.457407483846396,85,1,Heat Dissipation Failure
265,H17357,L,295.7389605144961,308.453031405485,1669,35.976006257125576,152,0,No Failure
266,L54811,M,296.8003182058237,308.47241025490837,1392,42.74425212904414,1,0,No Failure
267,L30150,L,298.08914225988224,307.85203961051593,1267,48.86343634237023,246,0,No Failure
268,L53286,L,296.3820053657931,309.09945147590116,1693,41.93755904136189,85,0,No Failure
269,L78450,L,298.21917115930154,309.8328585664732,1504,37.8042036456156,132,1,Tool Wear Failure
270,L65069,M,298.07372121813836,306.92239410420694,1251,39.74290222796579,3,0,No Failure
271,L24397,L,296.0443650324211,306.89902346870076,1569,30.957070214125487,163,0,No Failure
272,L60517,M,295.9702522806186,307.94106198233504,1562,37.74623945417425,5,0,No Failure
273,L76234,H,294.2143176466761,307.2271562139381,1484,37.75109198036528,243,0,No Failure
274,H57280,H,296.3189949254771,305.6881201964602,1604,40.7666433106859,148,0,No Failure
275,L82936,L,298.1714848873159,306.6551108955156,1673,49.710948063468855,204,0,No Failure
276,H46939,M,298.3842817344113,306.3015182794438,1533,30.316023556338806,117,0,No Failure
277,L45270,H,298.45284933944265,309.96267576202723,1208,37.96161194212757,228,0,No Failure
278,M61934,M,296.9831217809989,310.7042405090139,1450,30.83245228004077,246,0,No Failure
279,H70921,M,298.1225447739677,306.5068498140581,1630,37.48317953374746,88,0,No Failure
280,H18335,L,298.74586691386213,308.96911026970565,1531,35.676989294410035,153,0,No Failure
281,L99112,H,296.24794667574827,309.4602746367046,1497,32.528268462493,182,0,No Failure
282,H97508,L,298.3349936115858,305.9115968200102,1634,44.565460152648896,166,0,No Failure
283,L70566,L,299.1347218177526,308.3914684207685,1383,41.27823851925215,211,1,Tool Wear Failure
284,L11062,H,297.41384180526563,311.95027424801975,1378,43.979278148270225,160,1,Heat Dissipation Failure
285,L99780,H,299.7433514955244,309.1657202995364,1397,37.341730876662524,13,1,Random Failures
286,M31689,M,297.4488484842625,307.78204918800117,1327,39.64641762109959,55,0,No Failure
287,H98461,H,296.85990871731536,307.30972021217264,1219,47.97320320608157,227,0,No Failure
288,H19348,M,298.98526176782934,305.1163076229186,1671,39.986399024454435,80,0,No Failure
289,H48102,M,301.1999406541997,308.85571048417506,1610,44.039782745797204,148,0,No Failure
290,L99930,M,298.2780304283317,311.07172518088146,1621,36.91271848641635,45,1,Tool Wear Failure
291,M82267,H,299.10236170617054,306.9296843684031,1527,43.5800867168213,143,0,No Failure
292,L33625,L,297.38692416835323,305.2466229807244,1264,37.25540320097349,237,0,No Failure
293,M82592,M,296.28757567030596,307.1536637279701,1381,30.517888119701638,15,1,Overstrain Failure
294,L54261,L,298.3993984688511,309.4723996189673,1440,39.96208556039479,119,0,No Failure
295,H31677,L,298.6365999576818,307.50724999276684,1568,37.64848428698019,83,0,No Failure
296,L60343,H,297.6131333644282,306.91929786063037,1223,31.87609320301369,156,0,No Failure
297,M72856,L,299.09658477703226,308.17873237258675,1583,40.95746425836587,219,0,No Failure
298,M98858,L,297.1688799852785,308.49455112075174,1630,35.532367575233394,7,0,No Failure
299,M93460,H,296.79687060122234,306.0674147888424,1654,55.46320639231341,87,0,No Failure
300,L64693,M,299.74096439572924,307.8240744545947,1282,32.67778883293166,130,0,No Failure
301,H38295,L,299.7480214398124,307.40409857911646,1669,33.9353752877493,216,0,No Failure
302,L36432,H,297.19848534124645,307.1886434761279,1518,44.34775553323895,18,0,No Failure
303,M67854,L,300.7282757356072,306.6244449959128,1384,39.33489059679955,96,0,No Failure
304,H47080,L,297.7193399612046,309.5618867821922,1638,44.24601154631109,65,0,No Failure
305,L45909,M,298.27717429696594,307.18341960680294,1515,41.901955269489505,78,0,No Failure
306,H44578,L,298.02302118722736,305.15758207128005,1298,37.08846436034409,85,1,Power Failure
307,L36790,H,298.9356403261685,308.54644673296315,1261,33.10453803460184,123,0,No Failure
308,H35289,L,298.5571322407014,309.2377992090098,1485,45.35541540364016,201,0,No Failure
309,M25485,M,298.53694324237244,306.95597590217614,1676,33.557749072053504,209,0,No Failure
310,H96188,M,296.62065755242014,307.310505965324,1221,42.79452980582081,149,0,No Failure
311,L96769,H,295.61715652481547,307.17641941935744,1658,44.59499378628424,45,0,No Failure
312,M40355,M,299.8632400423793,307.6300199578548,1411,39.365410979850196,112,0,No Failure
313,L35470,L,297.3318310015904,309.81027527328473,1325,38.47926232156099,90,0,No Failure
314,L52918,M,298.07644993984974,307.97891124144144,1612,35.0813694766949,140,0,No Failure
315,L49298,H,298.64019836483465,309.4093903185008,1698,42.31371358352151,32,0,No Failure
316,L90219,M,300.5935144050239,306.69675255267987,1624,24.77035584459194,132,1,Overstrain Failure
317,M76040,M,298.39203688696375,307.5744643706285,1241,43.57863169528405,217,0,No Failure
318,H38016,M,297.55780365561384,309.58102072377096,1297,40.59738170487857,76,1,Heat Dissipation Failure
319,L43591,H,297.36468342806967,306.9415919023606,1648,38.88592150140159,154,0,No Failure
320,L77641,M,298.09396473813706,309.66820469136275,1230,41.21151137331924,120,0,No Failure
321,L32700,M,296.78595284553904,307.20742386350724,1357,33.13221804033935,127,0,No Failure
322,L30559,L,298.1933135847235,307.66750622741233,1311,27.935036559620585,77,0,No Failure
323,M71642,H,298.07197046731295,310.65524388102335,1601,42.342875349769805,151,0,No Failure
324,L40354,M,300.6122904229662,307.49627153425064,1446,46.58273086092345,66,0,No Failure
325,L81726,H,298.0245982921136,308.3680187041259,1321,31.302990140316314,238,0,No Failure
326,L62528,M,295.2632677584267,309.0746546337826,1472,34.737599615017935,114,0,No Failure
327,M62638,M,302.1602664555947,308.489762974508,1493,43.76162446513718,62,0,No Failure
328,L78866,M,299.5852505967341,308.53258002333433,1597,41.79444879973426,112,0,No Failure
329,H34504,L,301.27352311614334,308.0651903840274,1670,54.81554228153354,93,0,No Failure
330,H88859,L,296.41402001952326,306.1966411864755,1672,45.37828734412949,226,0,No Failure
331,M20975,L,297.81725982811554,308.6724339951496,1406,44.177122359465244,47,0,No Failure
332,M33959,H,299.16160186224147,307.0512973144825,1309,36.18105650002559,190,0,No Failure
333,L39703,H,298.9545870584267,309.3136508261047,1639,42.624028981953415,205,0,No Failure
334,M56427,L,298.6104065610393,310.2080921359245,1477,47.47706831237685,11,0,No Failure
335,M94665,H,294.85058392224914,305.44166410787443,1650,39.17804617463547,155,0,No Failure
336,M43307,M,295.5813408136535,310.21071174114064,1255,39.41392713131434,171,1,Tool Wear Failure
337,L14835,M,300.4262801635958,307.5334133121994,1574,40.706767633034666,220,0,No Failure
338,H57605,M,300.69299429930453,307.9535761667233,1602,36.67750659263883,170,0,No Failure
339,H48088,L,297.9900230628454,306.7814188212314,1256,41.34481757061657,144,0,No Failure
340,L65284,H,300.23564121160956,308.4327015935994,1627,41.21986069137841,39,0,No Failure
341,L45547,L,296.615158350785,308.25022232476607,1681,47.399932065903286,176,0,No Failure
342,L37532,H,296.958360919797,309.76538423793926,1490,39.053037787446485,84,0,No Failure
343,M55445,M,296.49657951720525,307.0379100850546,1313,43.373642730317535,56,0,No Failure
344,M66178,L,296.875120681467,310.64120360290684,1580,39.20217359003974,86,0,No Failure
345,L60990,H,299.2340440142839,309.1470711294633,1584,43.19879720891122,83,0,No Failure
346,L75545,H,296.8564714404048,308.2864534651631,1507,38.74970772104051,191,0,No Failure
347,M33793,M,301.50961455989176,307.87882345415676,1540,42.867364934726034,202,0,No Failure
348,H47892,L,298.8401059095211,307.6901458292992,1676,43.64117914544224,184,0,No Failure
349,H11015,L,299.7767905697426,307.78798433839023,1397,34.666719334710955,120,0,No Failure
350,L71813,L,298.8849108742001,308.4026029354032,1620,45.511877103353,225,0,No Failure
351,L18415,M,299.97140447568887,307.83650005895936,1520,39.16761306525989,201,0,No Failure
352,H72292,L,296.84800000069214,307.1892058152387,1378,37.651016526869256,73,0,No Failure
353,M14158,M,300.32040030729934,308.411688942255,1584,36.44995944164989,106,1,Power Failure
354,L30309,M,298.36140832838714,306.89556782191187,1418,41.491001390491206,123,0,No Failure
355,H82474,M,299.9638991664531,308.6337003515026,1476,39.97689155548239,197,0,No Failure
356,L56540,H,295.9906539199357,307.8153994467789,1636,41.85403592770843,99,0,No Failure
357,L28017,L,298.4208748099125,309.19509636384777,1215,41.9511039215924,215,0,No Failure
358,L18702,L,298.3678580751725,309.6336113160432,1691,43.042923226750894,203,0,No Failure
359,L10404,M,297.22114530253083,309.6330208405171,1578,53.881420580765294,42,0,No Failure
360,H39189,M,298.6196782446209,308.62715758407893,1260,40.19845878665925,118,1,Heat Dissipation Failure
361,L70100,L,300.45941027200223,308.8022468311502,1253,36.32713306713713,22,0,No Failure
362,H19860,M,297.1057714615553,307.6658734608223,1367,29.900933338308832,154,0,No Failure
363,M90642,L,299.5927815343074,309.166459532725,1225,34.02341600904707,185,0,No Failure
364,L33574,H,296.4588654157802,309.3357520409926,1535,46.176743253764556,248,0,No Failure
365,L79172,M,301.3141668919637,305.7990062697132,1675,43.599622533865535,236,0,No Failure
366,L14809,L,299.32690047765504,308.71752079341087,1264,33.25006976742503,36,0,No Failure
367,M63330,M,300.73767599838783,310.20219471156327,1299,52.3210622049961,133,0,No Failure
368,L66397,L,299.15809077864066,307.6155645580928,1273,41.63382238830754,64,0,No Failure
369,L48765,L,298.735919766594,307.28817953579915,1391,42.301583599401695,133,0,No Failure
370,L55106,M,299.33939941072884,307.5202048083705,1370,51.2211258996804,177,1,Tool Wear Failure
371,L27100,H,297.9453288049687,305.8926860107563,1472,48.69727860414106,21,0,No Failure
372,M80080,L,295.7232491416625,308.33897593167336,1576,43.9056873791608,104,0,No Failure
373,L55543,L,298.82109901970017,308.1949481601458,1386,44.14606970413128,87,0,No Failure
374,M46187,L,297.01674499810036,308.4455402493159,1222,44.613925480854334,152,0,No Failure
375,H17239,H,296.4975071269309,308.7739649318267,1590,38.79516434143992,124,1,Heat Dissipation Failure
376,H24489,H,299.10443975265787,306.95300989672774,1627,41.433964487720985,78,0,No Failure
377,M68017,M,297.73133728765043,308.55979879853305,1380,42.87160247037356,89,0,No Failure
378,M53125,H,299.6915566099085,308.81479798987357,1526,39.36608702810794,199,0,No Failure
379,H42049,M,296.9665888468614,307.41741240377445,1307,35.17290245142223,50,0,No Failure
380,L83963,M,297.4437565352292,308.78017699737796,1534,38.66934799345666,215,1,Power Failure
381,L34285,H,299.8754440394521,308.2710599395801,1361,35.060336960470394,175,0,No Failure
382,H52808,M,298.5697639914964,307.2032153458349,1501,40.32186285436115,101,0,No Failure
383,L63871,H,295.9340079386408,308.5741830447255,1692,31.097714239967434,197,0,No Failure
384,H29758,M,298.53664132429014,307.7139338849702,1651,41.70519255253774,245,1,Overstrain Failure
385,H54238,H,300.37185782288316,309.19559791102154,1405,31.843627522159174,226,0,No Failure
386,L49764,H,297.4321338330678,307.7912504298964,1277,37.98263470003498,105,0,No Failure
387,M47441,M,299.04708654467936,306.2153516273524,1215,42.52050537240423,192,0,No Failure
388,H63682,L,296.8759196272661,308.55048047829143,1526,43.95573355756265,59,0,No Failure
389,H91317,M,297.94482508754584,308.49410487174714,1295,43.36179604441751,45,0,No Failure
390,M16949,H,299.78475330467563,306.5282943308035,1346,41.5986695723694,35,0,No Failure
391,M65393,L,298.47884750163246,309.27580417315295,1201,34.40363342376254,185,0,No Failure
392,M16941,M,300.0839047940734,309.1973312542032,1209,44.903041774333786,203,0,No Failure
393,H33386,M,298.7879536063418,306.8450297112876,1633,34.517993177474445,165,0,No Failure
394,H71886,M,301.47810951580124,307.1605605484101,1324,45.47287910227163,10,0,No Failure
395,M93251,L,295.80262994617107,307.9369885804557,1280,43.13852378740852,11,0,No Failure
396,L63413,H,297.8242099749085,307.0117218034435,1684,46.794507573697686,169,0,No Failure
397,L52318,M,296.5231993100619,309.1105957773675,1339,40.12434242008148,241,1,Tool Wear Failure
398,M80390,M,296.6256262383126,308.37345792399077,1525,35.906179463944895,38,0,No Failure
399,M53088,M,296.6392244592909,306.5096642811676,1349,33.53673737920375,198,0,No Failure
400,L49811,M,298.40158873307684,306.91629363072605,1487,34.09210332713537,138,0,No Failure
401,M65479,M,298.48945140223276,309.9315787657496,1560,31.816126256964935,35,0,No Failure
402,L97369,H,298.79118388749265,310.4533435668731,1539,44.710014584682824,51,0,No Failure
403,L29963,H,296.4654091597831,308.95809346407873,1328,45.337084765162,30,0,No Failure
404,L83477,M,297.6636627715025,307.8330871172745,1637,42.76849962628424,32,0,No Failure
405,L15569,L,296.7035580403654,307.49005563139013,1438,39.83479543963361,140,1,Heat Dissipation Failure
406,L46586,H,299.5538223344075,308.9745491274665,1257,50.30479718231256,145,0,No Failure
407,H22015,L,296.8445986747285,308.26388080138923,1397,39.50925758517996,168,0,No Failure
408,H16254,H,297.82943177200616,305.7348928288784,1410,41.104584040719466,57,0,No Failure
409,L34214,M,298.99045966198463,309.6978019738022,1601,39.7607424333544,183,0,No Failure
410,H90719,H,297.2265569882536,310.1687049010443,1589,38.30845966768276,151,0,No Failure
411,H16090,M,299.190817667471,309.2558787994148,1244,43.15487244915549,200,0,No Failure
412,M32415,H,300.5441196032997,306.51258320805766,1296,36.832516553977385,127,0,No Failure
413,L93807,M,298.4345675930883,307.19476032541496,1478,36.4971108674268,30,0,No Failure
414,H43434,M,299.5024163718526,305.36342020796343,1222,43.407346927046774,54,1,Random Failures
415,L85697,M,295.0398686665954,310.5440727370933,1609,37.511958167188304,232,0,No Failure
416,L21314,M,297.5064221097282,307.6148921551114,1660,40.6674101403759,9,0,No Failure
417,H67108,L,298.42735122539347,311.64993398247464,1590,38.293359401182364,187,0,No Failure
418,L97505,M,296.5705523823995,311.0828450463616,1534,39.94224350886676,129,0,No Failure
419,M46668,L,298.4614740031061,306.79486037544655,1243,36.63355440766688,229,0,No Failure
420,M89252,L,299.7399108340887,307.08759839089544,1226,36.797056236254534,14,0,No Failure
421,M26907,M,295.3306590579849,308.84928551352067,1481,35.90133939094858,2,1,Overstrain Failure
422,M61745,L,296.3663907012942,305.51818684420056,1296,44.21665054930726,42,1,Tool Wear Failure
423,L91818,H,298.42721990614626,307.4926113239321,1662,40.85942417125665,158,0,No Failure
424,L33321,M,298.84062959416,307.3427614981899,1235,44.59275411896832,197,0,No Failure
425,L32574,L,299.25712056236443,310.92674891292006,1308,45.12693282271981,66,0,No Failure
426,L53221,M,298.31633421833163,308.39152682825664,1254,37.70042836432163,55,0,No Failure
427,H65645,M,298.8422686075237,307.72284953369416,1391,44.407924921942815,62,0,No Failure
428,H29262,M,299.505221062811,307.20277290097204,1418,39.92939639033283,202,0,No Failure
429,L14432,L,297.52831284734447,309.49107439598714,1384,39.206632472603744,14,0,No Failure
430,M74291,H,297.23712087099034,307.4049337641044,1268,46.26183548330388,108,0,No Failure
431,L69399,H,297.89724005359767,308.0745755384562,1516,42.76884231407716,115,0,No Failure
432,L89714,L,298.4492319134161,307.191314716292,1329,38.237878724681366,91,0,No Failure
433,L97731,M,297.162589835198,305.8736943019769,1254,42.44396657763324,137,0,No Failure
434,H10302,L,297.55936402529017,306.655947308446,1577,33.67143673915206,165,1,Heat Dissipation Failure
435,H10055,L,298.7465526557609,307.39704243895295,1296,41.23656490569808,46,0,No Failure
436,M18717,L,298.38662617154455,307.75511775460456,1535,32.502042245709085,56,0,No Failure
437,M38699,M,297.87199431577636,307.8208641111147,1286,35.07800187065909,49,0,No Failure
438,H77661,L,295.538396034906,308.0166204492218,1493,42.923198491345595,241,0,No Failure
439,M26748,M,298.14473801198716,307.41696855477346,1318,26.64877001286595,70,0,No Failure
440,M14621,L,296.6949940487364,310.1736895222526,1407,49.01255929537378,142,0,No Failure
441,H15126,H,299.62462405780883,309.57197617978545,1533,44.172463603523006,145,0,No Failure
442,H28030,L,297.68691827008223,307.9473360992137,1612,30.807334387551307,81,0,No Failure
443,H94717,L,296.65565191566617,308.53138741961146,1353,51.99249303346615,115,0,No Failure
444,H48638,H,298.0576850891799,307.59186763782054,1234,53.37051946243009,104,0,No Failure
445,L98869,M,300.05604937763826,303.8847720619223,1278,39.097541705051306,87,0,No Failure
446,H44674,M,299.09622377371693,308.180739519389,1266,35.367554676498784,1,0,No Failure
447,H56271,L,298.47987572590887,308.6084215418768,1542,48.43151787101432,103,1,Power Failure
448,L48518,H,296.1608574114297,305.73100736293964,1612,38.2810493127987,83,0,No Failure
449,L20267,M,300.58240014964946,308.89911660379187,1233,40.80519753906427,225,0,No Failure
450,M11062,L,297.21755923894614,307.72913498308276,1296,46.08644866961384,42,0,No Failure
451,L60448,H,299.55067586930846,308.65690058095197,1368,39.232442681034016,153,0,No Failure
452,H16229,M,297.66195568247286,307.77440202894485,1368,38.79472874841666,70,1,Heat Dissipation Failure
453,M57915,M,299.4062618087248,310.02643171134025,1350,33.63802511397391,165,0,No Failure
454,L13596,H,300.1103111438129,308.4893432308761,1270,36.84728452130992,93,0,No Failure
455,L17561,H,299.1222059048613,309.653624688008,1202,38.69615076871966,41,0,No Failure
456,H92152,H,299.2837824396399,309.7770892132624,1513,33.807184054826664,132,0,No Failure
457,L36734,H,298.00234152076655,306.47066641086735,1231,34.26032090895311,138,0,No Failure
458,H36069,L,297.49905078689073,307.04147469496826,1486,40.16800658321995,64,0,No Failure
459,M22910,H,298.35744803467867,308.82741602408936,1281,30.7514792716402,33,0,No Failure
460,L33275,M,297.64012824134613,307.60169407436274,1242,35.60418492189334,119,0,No Failure
461,H91449,M,301.8508055662187,307.7920898461155,1590,49.72296996798511,0,0,No Failure
462,L70004,L,296.66146257026423,310.0798472332559,1304,38.27265676429964,210,0,No Failure
463,M94659,M,299.6531278248856,307.68445043271186,1200,37.646382958980745,129,0,No Failure
464,M58447,M,298.9257952518085,306.6966059776271,1260,38.2502708274258,212,0,No Failure
465,M85703,H,298.4948083121859,306.89929999754656,1469,38.32923809272834,147,0,No Failure
466,H27260,M,300.3698291498707,311.423534751789,1379,42.874344349191915,60,0,No Failure
467,M13812,L,298.59756617890173,307.88267077942214,1423,42.524330765889005,214,0,No Failure
468,L68656,H,297.1976396203863,306.1036283671731,1205,38.0462079346774,148,0,No Failure
469,L37285,H,298.58759556588006,305.4958121070251,1302,38.930812884310285,87,0,No Failure
470,L11605,L,297.87523259664215,307.2130450359888,1209,46.5638655899503,67,0,No Failure
471,H82303,H,298.90492700322494,307.8552168208589,1270,32.44847622764875,126,0,No Failure
472,M66138,H,299.36961044744424,309.57376055964147,1289,39.71208991725639,139,1,Heat Dissipation Failure
473,M86125,L,296.86136808645387,309.4285177496926,1425,40.676232701756156,21,0,No Failure
474,H95655,H,299.9430041770042,308.14048036839074,1357,36.11658569950443,147,0,No Failure
475,H23046,L,297.7676502326973,307.4687471207606,1427,39.424316982543516,81,0,No Failure
476,H34818,L,298.81542088402324,308.6594027801325,1604,35.44161769599058,128,0,No Failure
477,H14324,M,299.075545255481,305.5268808857954,1325,43.18584535350752,29,0,No Failure
478,H26389,M,298.70108303594594,311.1216213408938,1643,33.308966722478104,125,0,No Failure
479,M51427,H,297.9863372235211,309.1311583937849,1408,45.311668312100295,96,0,No Failure
480,H97886,H,297.417103627011,309.45048532959237,1296,39.633474214552216,23,0,No Failure
481,M10117,L,297.74650823904494,306.53876992718506,1273,37.759830702831444,13,0,No Failure
482,L94471,H,300.4977578987933,310.0739729619449,1314,34.97651450172863,35,0,No Failure
483,M23234,L,296.8512003443064,307.45997425846053,1390,45.15328897993732,196,0,No Failure
484,M63441,L,297.0711349930555,306.7211628157721,1694,36.740689329830204,202,0,No Failure
485,H20954,H,297.0052767652844,308.09124144409066,1369,34.163757202527584,23,0,No Failure
486,M56514,L,298.35363081987646,308.0561673710174,1506,45.25731659504059,187,0,No Failure
487,L16469,M,295.86294182501825,306.532194391232,1647,35.478470932526704,94,0,No Failure
488,M52101,H,296.1196602157984,306.80759396968796,1403,39.527588429277564,54,0,No Failure
489,H68067,M,297.7585677505611,306.69015233700793,1255,44.09401887868631,204,0,No Failure
490,L55587,H,296.2183368320526,306.70442739821476,1407,40.78978801390477,207,0,No Failure
491,L77584,L,296.3405930360758,307.5678531393506,1240,48.654257729349865,23,0,No Failure
492,M88477,H,296.22959738595557,306.06652229574127,1231,35.825248158561614,204,0,No Failure
493,M11828,M,296.8800824363,307.11293825387907,1214,38.947443317001294,151,0,No Failure
494,M30618,L,299.2468697600056,309.7177018225764,1261,39.33410929866159,181,0,No Failure
495,H57362,H,299.5835619341816,309.3849641781563,1354,43.106174762869976,25,0,No Failure
496,L69383,H,301.02850133982787,306.57518113866087,1483,46.44311563919047,193,0,No Failure
497,M92180,H,300.9735427877702,309.58730737594135,1408,40.368082548143484,79,0,No Failure
498,H19865,M,299.32946906482067,305.2003410962959,1519,39.31168084819858,165,0,No Failure
499,M15287,M,299.69151651220153,311.7937164830182,1693,32.58504066085067,237,0,No Failure
500,M44387,H,298.34665313602886,310.1004697882034,1386,40.56190594898347,64,0,No Failure
501,L11342,L,298.9297972780184,307.31040213178983,1697,36.74849995001773,240,0,No Failure
502,L29216,L,301.06540457227476,308.72363984260267,1641,43.09218155299385,74,0,No Failure
503,L89767,M,298.70681930208525,306.0486210078363,1329,37.95157905390986,178,0,No Failure
504,M36614,L,299.87985786781786,308.2406641848887,1326,38.79680972814965,162,0,No Failure
505,H52078,M,296.7484725871322,307.87450545124625,1491,32.698659927082154,42,0,No Failure
506,L93524,H,297.1506419136126,306.8978549159114,1313,30.942739581187304,28,0,No Failure
507,M22219,M,298.61810439669244,307.44716377051117,1398,49.30493520091805,164,0,No Failure
508,M77444,M,298.3748975050951,307.29951878628583,1212,40.64841954782638,80,0,No Failure
509,H80792,H,297.22009871889264,306.45239492102354,1470,42.021677388153044,185,0,No Failure
510,M94555,L,301.7610663758968,306.862779131155,1288,35.43852518408623,53,0,No Failure
511,H15415,M,298.40889115587225,305.9872333610004,1414,44.377618035893065,38,0,No Failure
512,M15951,M,297.48591242172296,309.4359961483409,1643,43.4756994795218,41,0,No Failure
513,L18007,H,298.37742824104095,306.7518308803156,1477,35.98786402788595,155,0,No Failure
514,H51832,L,298.18814005391744,306.31696869264476,1646,34.70247282077307,28,0,No Failure
515,L40523,M,298.4317038218366,309.412257019724,1673,36.337361580863636,170,0,No Failure
516,M96740,H,295.75942447697344,308.704430531509,1680,39.85858675646444,130,0,No Failure
517,L29282,M,300.08792004485025,309.3567515839234,1402,40.835535015701126,243,0,No Failure
518,H10077,H,300.1732441306587,309.52412483629496,1273,40.19197004119326,137,0,No Failure
519,M30611,L,300.3554811580547,311.0561823454076,1224,46.49365054320102,186,0,No Failure
520,L24060,L,298.6381476378044,307.9159403499602,1300,36.42521574951971,233,1,Overstrain Failure
521,M94056,L,299.14372159024674,305.9635884815067,1375,34.5666900448554,141,0,No Failure
522,M53303,L,296.8506595779891,308.55655670114317,1626,40.000495109259106,203,0,No Failure
523,H39287,M,299.3993489928961,307.14649306568026,1316,31.53457592084527,174,0,No Failure
524,M49711,M,298.5276815603409,306.7137420750267,1365,43.47868749255309,41,0,No Failure
525,H83340,L,297.4593900765411,308.29988775832584,1240,40.48981632238063,93,0,No Failure
526,M81520,L,299.4471170374612,309.44862909951433,1628,38.30980979545027,159,0,No Failure
527,H28574,L,299.5051735541366,306.89600773760554,1543,38.032235633754304,31,1,Random Failures
528,L29096,M,298.24091325351236,310.0615821309976,1623,44.549978910606164,169,0,No Failure
529,L44016,L,298.8075738701926,306.66557906149575,1565,44.390739676692654,159,0,No Failure
530,H55558,L,296.60242448209965,307.7841451680118,1319,38.768140707933235,25,0,No Failure
531,M28381,L,300.0147751558215,308.7294618226713,1296,42.9588441177894,114,0,No Failure
532,L46455,H,296.8017802179476,307.56815118697386,1344,44.31685230920169,128,0,No Failure
533,H21302,L,297.09186152788124,305.4859964915922,1415,41.677631128123565,55,0,No Failure
534,H51157,H,298.2434734681458,309.5411112376832,1428,38.97267490185637,121,0,No Failure
535,M93122,H,299.8217744263277,307.21480348946596,1512,41.90583853745301,105,0,No Failure
536,M97487,L,299.82092294982345,309.2673476740905,1329,34.804566785353124,129,0,No Failure
537,H81324,H,298.14276306714225,306.2537837974585,1551,40.35552784646963,80,0,No Failure
538,L69379,L,299.3095200433807,306.50984512685534,1576,38.834368721868714,157,0,No Failure
539,M19446,M,295.61641232600664,309.443650114333,1517,38.050671881032656,119,0,No Failure
540,H61356,M,297.07102001480564,308.660762139113,1671,31.36739494068285,230,0,No Failure
541,M76656,M,297.1015743408046,307.49212143397295,1336,34.862011242937854,198,0,No Failure
542,L74484,M,300.0283193646397,308.68254739725626,1523,37.57052587937309,51,0,No Failure
543,H92870,H,299.131981244362,306.71894129668345,1536,44.47519590319378,90,0,No Failure
544,L77779,L,298.42697916385686,308.31538867623334,1472,41.42911745201994,136,0,No Failure
545,M69201,L,298.57260259574406,308.34283088508505,1316,44.69837124013951,21,0,No Failure
546,M53872,L,300.50250891404517,307.5893275922134,1505,46.21456691200065,33,0,No Failure
547,M65180,M,297.89473050024014,306.89707144161383,1567,41.646545726247474,109,0,No Failure
548,H39486,M,296.1788990371989,308.2553728673222,1293,40.70146705340149,48,0,No Failure
549,L81895,L,299.78079277659293,308.06752828504864,1367,35.13503001657395,128,0,No Failure
550,H30103,M,298.42275855580755,307.45126688162054,1641,49.933356322866544,72,0,No Failure
551,L24382,L,299.58050751724863,306.59927829472883,1402,32.91077964144905,83,0,No Failure
552,L30609,L,298.0828527889202,308.16871557400316,1540,40.59367044104248,52,1,Random Failures
553,H26478,L,296.89196571444415,307.45501645274504,1348,44.16399501772691,210,0,No Failure
554,H49666,L,298.7542325816244,306.5980135693446,1601,44.233687887656686,99,0,No Failure
555,M81315,L,298.16526260611215,308.2152947161371,1382,34.22455454780338,123,0,No Failure
556,H24153,L,298.42741342431157,310.56245820808306,1612,37.90048498566205,167,0,No Failure
557,M22999,L,300.5748557411761,307.5997585011394,1351,36.00522613941168,44,0,No Failure
558,H10814,M,296.5019462839229,310.396664811863,1273,30.097828852169897,195,0,No Failure
559,M86077,L,298.578877990714,311.3214975720951,1564,40.65163370872481,136,0,No Failure
560,H12443,L,296.92150496476194,306.7198716464335,1600,36.41192301880012,104,0,No Failure
561,M85916,M,294.2641810403199,308.1635663122984,1473,47.52741142355673,149,0,No Failure
562,M27368,M,298.07655221646667,311.30559787672445,1241,43.07587219094336,145,0,No Failure
563,L66942,M,298.1965344054997,307.9683800578864,1695,40.20700975107054,203,0,No Failure
564,H95451,L,299.0852831544261,308.2052182186481,1411,37.636502338145654,105,0,No Failure
565,L70279,H,297.8236888771241,305.64499178843766,1300,40.575580348928376,42,0,No Failure
566,L10126,H,295.916499467314,307.3525071495205,1244,38.7206309204211,166,0,No Failure
567,M37632,M,296.9163526341177,308.98338302700336,1281,40.347695544465545,200,0,No Failure
568,H65176,H,300.12543825503,311.7939239644269,1216,49.508178854159844,133,0,No Failure
569,M96066,M,296.895058106064,307.85598974979246,1272,34.67621922326161,210,0,No Failure
570,L54327,L,300.5248382945387,305.656060516623,1213,39.15679065675863,47,1,Tool Wear Failure
571,L13797,H,299.724976438857,306.04212621384,1632,43.53194200151112,125,0,No Failure
572,H23718,L,297.67332909349585,308.0963154710925,1356,37.99929579107088,238,0,No Failure
573,L86589,H,297.0563812553459,309.9158101970784,1422,47.90270920304185,6,0,No Failure
574,L46244,L,299.72186945369583,309.1060305243131,1331,43.39229576505919,207,1,Overstrain Failure
575,M11645,H,297.78863313235956,308.84038379526515,1537,36.40554792415188,196,0,No Failure
576,M29256,L,295.83152479045003,310.1137165803764,1603,41.02034351137491,15,1,Heat Dissipation Failure
577,L63173,L,298.99347493093484,307.06965636872155,1575,36.476956329061,128,0,No Failure
578,H49282,H,298.7758951717873,308.1786420799363,1575,36.01670842822953,114,0,No Failure
579,H78244,L,299.85655930407216,307.3694268196964,1246,39.2990101014521,36,0,No Failure
580,H66264,L,298.67439249904044,307.74281639682187,1306,46.31880580950891,230,0,No Failure
581,L67545,L,297.3262795344314,306.6405959685118,1307,43.727225198923584,210,0,No Failure
582,L23224,H,300.05451825940315,307.6340358928493,1464,39.88711196751372,245,0,No Failure
583,H35150,H,300.2004856490182,308.1084266506319,1404,43.905930974011966,164,0,No Failure
584,L83509,L,298.4998089459778,307.59279275020765,1278,41.34309355207914,124,0,No Failure
585,M18070,L,298.24048287179943,307.9084077454793,1354,34.15053487187356,80,0,No Failure
586,M18666,H,296.1650934653423,308.7575608151558,1470,39.27431190405845,191,0,No Failure
587,M46368,H,297.2387104864803,310.0080436535966,1675,39.63420202009267,217,0,No Failure
588,H51914,L,299.291154462939,310.1167338021689,1684,43.80845168462981,213,0,No Failure
589,H89026,L,297.3140795494559,309.29213265109547,1446,37.16764749698952,61,0,No Failure
590,M77526,L,295.96474319591,306.2600277823425,1218,35.43667712169615,71,0,No Failure
591,M29956,M,303.3938166844001,307.6093850216452,1545,39.77226521606597,188,0,No Failure
592,L47148,H,295.95489106235993,307.73857245393106,1635,36.77287748002723,124,0,No Failure
593,H14757,M,301.53512709465116,307.16427525381715,1225,38.38245390208182,160,0,No Failure
594,M20395,H,297.68886483310257,308.6635267685444,1416,39.59560213554437,65,0,No Failure
595,M37696,H,298.0231555012843,305.7585072600778,1353,38.084779181377726,29,0,No Failure
596,H80480,H,297.1415825917186,310.69034970429243,1353,44.815913714264084,238,0,No Failure
597,L59840,H,299.3242557471068,309.94283100728256,1373,47.071475530022106,19,0,No Failure
598,M34917,H,295.99033868033484,308.8673033928526,1291,44.314553714791074,187,0,No Failure
599,H85452,H,295.3895064456487,308.0568360051197,1632,31.14401417422568,81,0,No Failure
600,L30806,H,300.56525729406786,309.9932589426088,1537,36.79013168849083,106,0,No Failure
601,L11759,M,296.9440414017895,309.1841074051704,1679,39.106739404839026,248,0,No Failure
602,L51949,L,299.2691321793095,309.8099566763271,1380,30.76863370324962,201,0,No Failure
603,H12482,L,296.52181588465567,308.0614218766102,1330,35.620541414253594,151,0,No Failure
604,H43719,M,299.21263156434185,310.83396962879624,1649,39.04285015383725,247,0,No Failure
605,H12079,M,300.6753197481677,309.90033181353476,1680,37.75512959435469,131,0,No Failure
606,M69676,M,297.3593179218773,308.91430444315387,1497,40.04325088654459,36,0,No Failure
607,L96444,M,295.249838339821,310.0339593806467,1474,33.09585819361523,131,0,No Failure
608,L82847,H,300.68319086996485,307.521257087249,1472,37.69858824641582,76,1,Tool Wear Failure
609,H28449,L,299.53936648228733,306.39874946097945,1691,40.7595487536329,88,0,No Failure
610,L74077,H,297.439643149343,308.6323257695712,1616,40.05100735712435,204,0,No Failure
611,H58302,L,297.823071920097,308.06436433127976,1275,42.234467888239415,145,0,No Failure
612,M38865,L,296.4840217056254,307.85342398658355,1376,41.942871809987665,87,0,No Failure
613,M48000,M,300.28038539866293,309.9744680590241,1383,37.964465156229174,193,0,No Failure
614,M21485,H,297.347926588284,308.4007088198159,1518,40.60059441537561,175,0,No Failure
615,M35522,M,296.02193719367875,308.5453536103032,1330,36.000034526524814,32,1,Overstrain Failure
616,H75155,H,298.4704688222687,307.6594211618688,1562,38.64885840486356,57,0,No Failure
617,L62487,L,296.85997995763216,309.47168470891927,1248,34.72191264025147,210,0,No Failure
618,L22342,M,296.6049781362053,309.20281367196185,1254,45.32712216138129,200,0,No Failure
619,H58770,M,297.50485119435706,309.4604895153414,1353,38.63252849734634,27,0,No Failure
620,M85629,L,298.2795329732505,307.4041040500457,1554,45.31971723114032,34,0,No Failure
621,M62603,L,296.0783353661279,310.10613269007047,1399,41.55748034344223,248,0,No Failure
622,L91974,L,300.22772338781846,310.9081526356495,1507,35.57168869171885,230,0,No Failure
623,M95382,M,299.1657395680987,309.413057595987,1555,41.2555329950076,124,0,No Failure
624,L86534,H,297.6019555138409,306.9360675691335,1572,44.048591325439226,137,0,No Failure
625,H40678,M,296.7949847705545,306.9466965736457,1317,39.612096041987435,64,0,No Failure
626,H73230,H,298.016161820625,307.58693456661035,1462,40.370146761706195,41,0,No Failure
627,L84055,M,299.49915256113354,307.30343417897217,1245,37.24271345822461,84,0,No Failure
628,M41480,M,299.2668760407995,308.04336106146906,1501,40.12051613238674,136,0,No Failure
629,H78836,L,299.7377564506767,309.09866369955176,1555,41.18949094401071,187,0,No Failure
630,H49986,H,297.4294337635295,308.58492866112476,1599,37.105920929407446,110,0,No Failure
631,L95595,M,293.76261223120497,308.4534335845794,1607,34.60352031660173,14,1,Overstrain Failure
632,H89111,M,300.02171679687433,307.7881958752998,1388,46.43985249791597,226,0,No Failure
633,M83506,L,297.8992057853915,308.03923110925314,1509,43.02060252992371,184,0,No Failure
634,M85039,L,299.14924909820746,309.3448632612935,1517,37.26170947314308,68,0,No Failure
635,M94458,H,300.65384313196046,305.1320629587503,1328,41.09828628579027,104,0,No Failure
636,L96925,M,301.8016129498565,308.13291438728186,1248,32.60710666163506,249,0,No Failure
637,H76358,H,297.17526778278875,308.58198139239096,1224,30.11464513044822,149,0,No Failure
638,M16150,M,298.35093986074844,309.32537460282094,1465,45.420665437389005,63,0,No Failure
639,M26032,H,300.20025469090814,306.63493109107424,1317,41.1477557013077,40,0,No Failure
640,H70500,L,296.8835814722155,306.5556354763203,1663,39.76148765257692,214,0,No Failure
641,H30079,M,297.27683260931434,309.02593249231717,1343,41.16328602406477,70,0,No Failure
642,L51874,H,297.26794213231165,305.2933216396146,1641,56.130658294598504,55,0,No Failure
643,L41419,L,298.10786452988793,310.14828366614114,1399,44.34547643122662,150,1,Random Failures
644,M18705,L,297.819814479565,308.4898879872392,1356,34.772798668125965,235,0,No Failure
645,L33236,H,297.2593070166155,310.4880818192651,1686,31.598118040398376,24,0,No Failure
646,H25358,M,296.70136387659056,306.51939143514574,1547,45.27267881679708,218,0,No Failure
647,M86918,M,299.3679104925929,307.4954607969226,1333,44.280479271150035,104,0,No Failure
648,L43572,L,300.15674653144913,304.53819750960963,1599,42.875303837752206,133,0,No Failure
649,M11279,M,300.3740721912586,306.9564653555071,1347,35.935604845503036,118,0,No Failure
650,M72516,M,297.42838966392327,307.8742296789172,1535,41.81642694941988,161,0,No Failure
651,H27771,M,299.4305870083859,305.2059386299873,1270,36.383274156282674,190,0,No Failure
652,L58285,L,298.5044888540916,307.55805978170235,1432,43.31390943010481,8,0,No Failure
653,H96143,H,297.29399297708,305.1689897347096,1533,44.91328453636171,59,0,No Failure
654,L38529,M,299.25132732806225,307.76380972263286,1498,37.28263620585233,124,0,No Failure
655,H37856,L,297.22509241893175,309.87066789066233,1353,45.65905080607712,48,0,No Failure
656,M88344,L,297.58573509582743,308.0975303748288,1289,40.57426199781355,224,0,No Failure
657,M70774,H,296.08490544624453,310.6373110589177,1533,42.459366062209924,50,0,No Failure
658,L65029,M,297.45366835385016,309.3294388450919,1398,33.45183318154598,187,0,No Failure
659,M61693,M,298.53079181352183,310.17222177291046,1360,41.1610725297745,69,0,No Failure
660,M86908,H,300.50340174351624,307.00258213868256,1225,36.62207806292666,36,1,Heat Dissipation Failure
661,M84532,H,297.61975683069744,306.9662875574111,1320,42.373167270070866,30,0,No Failure
662,H66133,L,296.5927462793696,308.668420124578,1500,47.33581334825631,225,0,No Failure
663,M71268,L,300.39605345640115,305.7834468625507,1411,41.44760104658176,168,1,Tool Wear Failure
664,M48243,H,297.3931713443736,308.85671562464313,1262,35.495725467834085,61,0,No Failure
665,L41653,M,295.5274275157887,307.6641202751796,1650,43.132330458887935,92,0,No Failure
666,M49952,L,298.34964060270516,310.14499525632,1635,42.00894372893858,185,0,No Failure
667,L88411,L,297.6628397900812,309.1692683811191,1267,50.293008732001546,13,0,No Failure
668,H58756,M,301.6005934640277,309.79505964551015,1452,41.26983980450472,163,1,Power Failure
669,M26725,L,298.8630490515208,307.01869087790743,1609,37.072625043879654,163,0,No Failure
670,L61226,M,297.93048646951775,309.72231540314255,1658,43.85320612823189,244,0,No Failure
671,L91182,M,296.76325418611657,310.3170687415464,1201,39.36160963847203,78,0,No Failure
672,M39402,M,298.64525026178944,308.0919292649295,1597,40.40125494855887,7,0,No Failure
673,M56828,H,300.3350649250927,307.04097407095026,1307,35.35761984812224,153,0,No Failure
674,L57924,H,298.61772127521584,307.06731919814837,1485,39.38782593598293,35,0,No Failure
675,H69052,H,296.87885546182304,310.0085194880239,1248,40.15402348745218,47,0,No Failure
676,L45737,M,298.9582093176279,312.1765186136349,1339,39.35825662131561,84,0,No Failure
677,L99563,M,298.07708965769075,306.67753239473717,1417,37.04556318784589,27,1,Random Failures
678,M46397,H,298.8229196549772,306.56221992493613,1243,41.44114565172648,195,0,No Failure
679,M48709,L,297.6177889747236,309.5321212710117,1616,35.38263791579083,189,0,No Failure
680,H71120,M,297.58255708860816,307.01912970595004,1468,34.205026997380024,207,0,No Failure
681,H31172,L,297.52333030385233,309.6775330763424,1277,43.5476808536322,213,0,No Failure
682,H88617,L,299.563357227246,308.84801926028996,1415,43.08875089043642,203,0,No Failure
683,L67492,M,297.59766208713836,308.11403404625304,1581,33.46197759659824,207,1,Power Failure
684,H99599,M,297.46040390293865,308.8119073017825,1297,30.852224767837686,50,0,No Failure
685,L34762,L,296.73690114765645,308.72029755373006,1435,34.95628977301716,103,0,No Failure
686,H38769,L,298.83102070257513,307.8805902533207,1481,39.35850502763401,229,0,No Failure
687,H33150,H,298.6175527031968,305.51545845254225,1348,45.77174787382753,169,0,No Failure
688,M99399,H,297.47684766326705,308.4179760928835,1611,39.2362771609374,100,0,No Failure
689,L69129,M,297.0859319386632,310.50959054909623,1503,36.153194756359845,28,0,No Failure
690,H77298,H,300.9642601198415,305.73684700519317,1683,40.742931145415305,126,0,No Failure
691,H22112,H,295.32933541731273,306.70132246979153,1623,39.4299194237521,81,0,No Failure
692,M34058,H,298.88975800480256,308.790240462149,1265,33.09496346273501,9,0,No Failure
693,L48890,H,300.08710532232396,308.2078877940984,1433,33.124685575406446,105,1,Overstrain Failure
694,M57304,L,293.0697793577675,308.7667732393764,1656,33.25901248942353,166,0,No Failure
695,M11524,M,299.34121009011426,307.10102268825847,1286,52.39925767453968,209,0,No Failure
696,L25048,H,297.81961809775584,309.8936874298884,1278,44.299907201368065,0,0,No Failure
697,L64912,L,298.53408229642486,308.2203508485353,1404,37.03141970732319,38,0,No Failure
698,L10060,L,297.66514305321687,309.19547828351455,1478,45.54133411414466,20,1,Tool Wear Failure
699,H93559,L,299.7630901684691,308.6304161164566,1536,37.15971856169268,64,0,No Failure
700,M23350,H,298.69467901250704,308.41324245194147,1453,45.37590198486865,14,0,No Failure
701,H55186,H,298.3475798343014,309.0902504855422,1503,40.40153228534727,131,0,No Failure
702,M44020,M,296.8017090895621,308.4297319309504,1579,36.705743751013514,187,0,No Failure
703,H95469,H,300.9734383507513,306.3647014578567,1329,43.399101729144846,60,0,No Failure
704,M98929,H,298.1648965295999,309.7810352385739,1283,40.68759786361842,147,0,No Failure
705,H79626,L,301.58470869619066,309.37719092937226,1475,41.991338860896626,137,0,No Failure
706,L45772,M,301.04135407776727,304.98972441296326,1386,41.07753511592055,86,0,No Failure
707,L59481,H,295.4824735491019,307.1686995726865,1245,41.02507386435464,104,0,No Failure
708,L67134,H,297.1675810587959,309.71354069373916,1586,44.002769440433724,33,0,No Failure
709,M54623,L,296.5945734910376,305.4096071802832,1382,52.91903424408834,123,0,No Failure
710,H81431,L,298.0776908777694,309.5653503228511,1467,46.24395950274779,109,0,No Failure
711,H61860,H,298.4307460307292,307.9381661965186,1495,41.098225801415225,175,0,No Failure
712,L11750,M,298.4948897018401,310.16042385550094,1521,38.446965425502135,32,0,No Failure
713,L77957,M,299.73119301402846,308.1482798163868,1299,38.99632540999004,97,0,No Failure
714,M80855,L,300.3903741539633,307.0668980105065,1277,33.71935352694775,230,0,No Failure
715,L65761,L,299.6012316238579,308.61212849113866,1471,43.32271771276608,60,0,No Failure
716,L87454,H,297.30859717866434,308.104421765735,1538,34.925386541708285,9,0,No Failure
717,H37935,L,296.9769642023388,306.93372329878895,1361,38.13772843975369,181,0,No Failure
718,M39711,H,298.1541427538259,311.47751522451705,1243,43.35174351451,83,0,No Failure
719,H22182,M,298.789179289607,306.6933527276235,1437,38.81337348101737,64,0,No Failure
720,M66276,M,297.8752129814243,304.7855669374103,1333,37.538560047353734,76,0,No Failure
721,M92310,H,296.1317727456216,310.5225484521822,1660,34.01259656947178,0,0,No Failure
722,M47198,L,299.1730892628652,307.2746547915261,1391,46.02663366152406,132,0,No Failure
723,L34070,M,297.56152784689914,307.7048401085514,1555,35.833890672735606,79,0,No Failure
724,L21122,L,297.5162308983669,307.61314090305643,1477,37.07062086526025,14,0,No Failure
725,M51786,M,298.0680809889128,307.2955228487625,1217,31.041352900830695,240,0,No Failure
726,H16737,H,297.79015162437975,307.0007112931048,1211,39.9006947609605,27,0,No Failure
727,H64237,H,297.6002484167318,306.65477404625454,1379,38.3335255681922,222,0,No Failure
728,H29426,H,296.2298120396002,308.2471396425568,1322,40.909289584842064,22,0,No Failure
729,M27850,M,297.9816287995725,307.54701866348654,1445,34.12684161521213,239,0,No Failure
730,M76150,L,299.2044306878603,309.2455432855009,1421,43.67090396767568,108,0,No Failure
731,L99613,L,298.54696600768193,308.8740410774242,1572,30.80394723576942,106,0,No Failure
732,H62375,L,299.57218215865095,306.75873170971187,1250,39.539112500087974,144,0,No Failure
733,H45435,M,297.05718246652,308.3127819141085,1687,40.57744141569792,112,0,No Failure
734,L88945,M,296.23291228132325,307.52324251381793,1270,40.28887003353042,97,0,No Failure
735,H12983,M,297.781225031533,306.6625093360495,1679,40.78877435580134,140,0,No Failure
736,M30662,M,297.22864507217696,309.18414735577267,1247,43.94335842130433,141,0,No Failure
737,H88187,M,297.38449752518835,307.96801208103744,1218,46.62349352486525,138,0,No Failure
738,H66846,L,298.4676245771217,307.53867496974425,1461,39.2219603584353,27,0,No Failure
739,L54547,M,297.395379191343,306.86664914536505,1283,35.16078682430193,41,0,No Failure
740,L25317,M,296.2748972661904,306.60809485838996,1354,42.80358641146378,223,0,No Failure
741,L17564,L,297.31150790817696,311.1331520358718,1252,38.59880307627905,98,0,No Failure
742,M89273,M,298.66008905029116,308.651177974445,1306,46.3230985581109,60,1,Heat Dissipation Failure
743,M84038,L,299.15722090151036,306.51330644419573,1556,36.990166928139374,122,0,No Failure
744,H62393,L,299.142134176125,308.5817988474842,1503,35.7099455568361,63,0,No Failure
745,M39430,H,298.78670964137183,309.7430242651933,1334,40.71896875476338,30,1,Heat Dissipation Failure
746,L37788,H,297.8978598010521,308.401276418795,1642,31.297911043815038,80,0,No Failure
747,M58543,H,298.75737114843866,310.21103201319966,1268,37.66285643120858,238,0,No Failure
748,H49974,H,298.08649651270264,305.83578028689504,1210,38.350797116958255,200,0,No Failure
749,M26371,M,298.31964420673035,305.16301692892966,1342,41.102361603863415,9,0,No Failure
750,L39629,H,296.74100989320107,308.5407761327806,1391,35.018639518649,7,0,No Failure
751,L71916,L,298.21581244564106,308.5647442150608,1586,35.60249763866024,148,0,No Failure
752,M83972,M,298.7179993513771,303.1407497326186,1577,45.784568453481995,204,0,No Failure
753,L43039,H,298.66169097015955,307.214635863197,1268,39.93269272707174,58,0,No Failure
754,H20616,L,296.218721460911,306.6370065284248,1222,44.323185919514806,177,0,No Failure
755,M60072,M,298.29439116460503,306.06208063894525,1380,37.29106299308268,196,0,No Failure
756,H13430,M,295.9841656338041,306.63343735308524,1492,39.72774518789562,197,0,No Failure
757,L20816,H,298.4105149692078,309.043681702399,1208,41.072672135146064,29,0,No Failure
758,M95680,M,297.0979942125959,306.62389246806543,1470,48.73777453811631,222,0,No Failure
759,H43933,L,300.70846441378814,306.6753167981272,1586,38.91190909914259,144,1,Power Failure
760,M44801,M,298.3288649939438,305.72179203671345,1292,39.16865553139811,202,0,No Failure
761,M50600,L,299.35174602973586,310.05336446377373,1653,45.49076513868369,19,0,No Failure
762,L45400,M,301.3163089555364,308.8019485482059,1216,38.10094280757456,47,0,No Failure
763,H90688,H,296.9238972833669,304.41146569564563,1353,41.42314595836377,200,0,No Failure
764,L99431,L,298.80351236635886,306.6766398811652,1604,45.054796032095155,129,0,No Failure
765,H53001,M,296.3711334861507,308.94277682659236,1527,37.120790641505295,36,1,Random Failures
766,L55028,M,298.6673455123749,310.07208882347425,1348,41.70231223241828,128,0,No Failure
767,H47573,M,300.79856389967557,309.41125813904995,1576,48.72775355072507,131,0,No Failure
768,H66638,L,297.2081751783373,307.61647563461315,1466,44.60659024419077,99,0,No Failure
769,M39757,L,296.8210685300581,305.2529347088104,1621,41.42466534842406,53,0,No Failure
770,L90097,L,298.01323864972215,309.4553734908669,1527,38.87839344083683,121,0,No Failure
771,L34262,H,301.21872593213243,307.70465472301925,1305,36.97840859362581,24,0,No Failure
772,H66979,H,299.30655837992987,308.25329302192256,1671,35.059070383820966,130,0,No Failure
773,L91470,L,296.79262802191596,307.8838693426872,1580,47.54811979982839,8,0,No Failure
774,M51844,M,300.3325908737226,306.11670575063556,1234,46.57735522685,213,0,No Failure
775,H44157,H,295.6674055115002,308.69637531833445,1318,36.714427612297115,214,0,No Failure
776,M50042,L,301.35483869320404,308.48968854667015,1213,41.6884349903907,203,0,No Failure
777,M92856,M,299.4346760200227,307.51131673562776,1213,40.556632492531556,201,0,No Failure
778,L65554,H,300.79533616001004,308.8566586997937,1465,45.922077306620366,33,0,No Failure
779,M91412,M,295.6783028374239,306.08900067886503,1339,41.914005991506755,42,0,No Failure
780,L83781,M,298.4041627462895,307.7464958361753,1493,39.88590619634826,73,1,Heat Dissipation Failure
781,H76262,M,297.9491666101514,308.18919120940365,1563,37.291571988521596,93,0,No Failure
782,L56600,M,296.63953078983,305.5476085517974,1318,41.704339225629134,21,1,Power Failure
783,H72483,H,296.2059645696229,308.0643550837459,1437,38.259087145186896,69,0,No Failure
784,M40448,H,298.9106218881393,309.2504677200219,1233,41.103424725649205,241,1,Tool Wear Failure
785,L52874,H,299.0465975621704,307.6951536139357,1368,39.62014460270843,129,0,No Failure
786,M94386,L,300.0999610700886,308.0988276462285,1209,38.13754060064927,93,1,Tool Wear Failure
787,M35425,H,297.39486842000974,308.99351605885124,1321,35.13629613184091,193,0,No Failure
788,M34578,M,297.93758528476627,307.5682998367006,1600,42.570976263736505,31,0,No Failure
789,H71413,H,296.0763101125808,307.7033039006835,1344,40.212851706895165,105,1,Heat Dissipation Failure
790,L17287,M,300.4611787179921,306.3849447282013,1650,48.93710427733214,143,0,No Failure
791,L85758,L,298.25432213163583,308.12759483401885,1645,34.83827580811196,203,0,No Failure
792,L69720,M,299.23388275243013,307.6477272745928,1422,43.126490961164954,0,0,No Failure
793,M93300,M,299.2868580941665,308.89863469257995,1570,39.586767659866794,244,1,Power Failure
794,M27674,M,300.33866073595294,308.9951899312748,1456,50.498791991632785,71,0,No Failure
795,L33874,L,296.9029007990988,309.3368135585193,1467,42.74485958530734,175,0,No Failure
796,H75160,H,299.19637990052075,307.3876094736573,1558,41.62344290817542,49,0,No Failure
797,H98801,H,298.1124869405364,304.8851283715638,1203,39.5994878251309,140,0,No Failure
798,M39192,L,301.30851559951094,309.26245961969715,1625,36.4843947266719,14,0,No Failure
799,H52520,M,296.8984537315059,308.79668144614607,1596,41.55696396320465,52,0,No Failure
800,L68762,H,299.9071395216458,307.19706259297084,1553,33.08848695431619,171,0,No Failure
801,H91121,L,298.6755126688426,308.982410299351,1305,33.31857955707515,7,1,Random Failures
802,H79669,H,298.596784141309,305.97711529622563,1284,45.06219218414748,73,0,No Failure
803,H13972,L,298.2310310890712,309.6953603193054,1413,31.189379304779674,45,0,No Failure
804,M51873,M,300.16999873425516,307.6495631723089,1320,38.402132208545815,68,0,No Failure
805,M19903,H,298.54577755161085,306.9066085804926,1331,34.75436754370521,113,0,No Failure
806,L51755,L,295.86337699281853,307.21744766564166,1537,37.987646538051685,146,0,No Failure
807,L96988,H,299.97925535306837,307.80277252099967,1396,40.92272651169673,238,0,No Failure
808,L19516,H,299.70430274819756,308.1319818900508,1218,44.92277645482086,165,0,No Failure
809,M12396,H,299.03070652631925,308.22242042059906,1329,46.0881679486636,122,0,No Failure
810,H29129,H,296.4572895553787,307.5055888340628,1211,35.405233904205886,138,0,No Failure
811,H11591,L,296.69032695966797,308.4503593601922,1280,37.670190316866176,116,0,No Failure
812,M81719,M,295.3338356721458,308.16241891150014,1529,60.26275061105978,42,0,No Failure
813,H96231,L,298.8404948097697,307.1786405066384,1553,38.74992657032319,19,0,No Failure
814,H29623,L,296.12567672773844,306.9527140633681,1461,35.58894602002047,147,0,No Failure
815,L75082,L,295.57187366070673,309.0625483143422,1591,36.420996186292804,20,0,No Failure
816,L43130,M,300.06248367895006,308.9364890539968,1324,38.779300418453346,81,0,No Failure
817,L36292,H,299.30226934669423,308.23570453274186,1506,38.036313186057704,56,0,No Failure
818,M96206,H,297.6502425027536,309.5362931989853,1466,38.82814938402565,177,0,No Failure
819,H12469,H,297.9489301251142,305.20800851574853,1646,39.89286723136718,73,0,No Failure
820,H73620,M,294.53898368952406,307.3034080377399,1640,39.85796068853418,97,0,No Failure
821,H59708,H,299.5251173785888,306.41552433149803,1582,35.22256751364403,153,0,No Failure
822,M78344,M,297.1109028032669,311.5344083977067,1339,41.846655105780656,157,0,No Failure
823,H64302,H,298.64543629469966,309.219829730594,1528,40.60523474940342,200,0,No Failure
824,H88249,H,294.41715660731273,308.0314070245126,1201,42.48290835274963,109,0,No Failure
825,M12719,L,299.6163520482423,309.3274858682692,1207,31.427729731374214,114,0,No Failure
826,H87236,M,297.0207328459214,309.82441349563265,1449,40.78422121845739,158,0,No Failure
827,M52534,L,296.0859366043159,309.8084475372861,1338,30.07201842048992,41,0,No Failure
828,H28787,L,297.6405975482674,309.5325552276505,1323,39.1221455276171,246,0,No Failure
829,M58845,L,297.2554071730967,307.75618951507687,1508,43.289681463765376,67,0,No Failure
830,L43062,M,299.7614014193648,307.397951870774,1427,45.22889575801183,188,0,No Failure
831,M97263,M,297.51940731645755,306.706716230029,1209,41.67230032048502,188,0,No Failure
832,L70461,H,300.19392553992003,308.9036709000935,1668,43.37695367646494,69,0,No Failure
833,H76672,L,298.64521392368357,307.9115963970068,1411,38.504975189587704,77,0,No Failure
834,L44832,H,299.49155183081854,307.5222934542242,1311,37.454161150375185,195,0,No Failure
835,H82545,L,298.14675032015816,307.44400795740825,1207,53.46379081261863,89,0,No Failure
836,L11007,M,300.0580884735098,310.325288945952,1491,44.135801559326055,110,0,No Failure
837,M86242,M,296.41956401457594,309.5790206192625,1676,34.13508074267303,111,0,No Failure
838,M39257,M,298.32043668624146,310.8955907841922,1561,31.326680392335046,102,0,No Failure
839,L52207,L,297.55534625585284,308.94352444983815,1659,37.67465275468212,144,0,No Failure
840,M71246,M,300.24494271926096,308.23543166038235,1452,45.95934253154333,18,0,No Failure
841,H36660,L,300.3985516069891,308.1118963238826,1213,40.24369577014384,178,0,No Failure
842,L92197,H,298.1506318888556,306.61954767910777,1439,28.879900888193575,240,0,No Failure
843,M17491,L,296.21273334835627,306.2578715123729,1637,39.113532884050464,69,0,No Failure
844,H60192,H,298.7906459751875,308.91101153283927,1441,39.987992248757244,62,0,No Failure
845,M73888,L,295.65308539744933,306.7479819342751,1668,27.921663102672596,220,0,No Failure
846,M19077,H,300.58921419817466,308.4671866308008,1541,40.12083076025095,74,0,No Failure
847,L30953,M,297.4402448940459,309.8232000246428,1348,34.933159962043376,207,0,No Failure
848,H77889,H,298.10414475487374,307.1518191004536,1435,30.822267946058425,157,0,No Failure
849,M47567,M,297.1285733862899,311.16572245188735,1505,48.022537900827004,152,1,Tool Wear Failure
850,H34860,M,296.79732761994876,306.6639573185838,1677,34.71198899607536,103,0,No Failure
851,H97266,H,299.25593697482054,309.63529213473475,1366,36.6635763227186,74,0,No Failure
852,L37083,L,297.912074984423,308.7871342716985,1219,36.59708556966661,127,1,Tool Wear Failure
853,H67372,L,298.2137238083847,309.9411428749192,1415,40.011193754621516,198,0,No Failure
854,H54064,L,296.6441633811717,306.4757035829604,1542,48.83155303527937,153,0,No Failure
855,M41598,L,299.4340888352455,311.6105313754304,1334,34.019065648820344,55,0,No Failure
856,H37082,L,299.5866846027053,307.88183737432564,1592,38.46598242775703,21,0,No Failure
857,M54569,M,297.8366072696806,309.16497190894887,1328,40.60430939513199,88,0,No Failure
858,M36029,L,300.0518831999978,310.3167312334197,1609,35.65604126420247,18,0,No Failure
859,M24288,M,297.9938137686632,307.24300689875713,1621,38.385567977106966,158,0,No Failure
860,H16540,M,299.3196332444332,309.38858954442077,1493,42.97249903374779,25,0,No Failure
861,L91958,M,295.7156086287548,306.99279553216775,1445,36.221475066467534,169,1,Heat Dissipation Failure
862,H51846,H,298.6801462997296,310.24544237068676,1388,38.306787456349106,168,0,No Failure
863,L85932,H,297.7427777985896,307.0097289031569,1243,37.84323036540357,227,0,No Failure
864,H33411,M,298.3832836389325,308.20776047374363,1285,39.480966594328315,22,0,No Failure
865,M88797,H,298.3160236084837,308.6091810515179,1243,41.21575857311621,46,0,No Failure
866,M87258,L,298.33854973326544,309.3264496545839,1529,42.93280384053439,12,0,No Failure
867,H62930,L,299.0735510940438,311.10271446263977,1574,49.68777150981169,216,1,Random Failures
868,L54413,M,297.302239552591,307.47204651557826,1645,26.707617840728943,65,0,No Failure
869,L63268,L,299.0036188893034,309.8581021614104,1577,39.16304330397279,193,0,No Failure
870,H91871,M,299.9987873246768,311.10538767295117,1589,33.17781963878903,143,0,No Failure
871,L38602,M,296.0347884925295,308.39860004129736,1344,38.07314999674548,72,0,No Failure
872,M73416,L,296.97918985265596,307.3248008748195,1250,44.40433665347039,155,0,No Failure
873,L15626,H,297.0421968617482,305.554949390847,1441,45.988962610711894,76,0,No Failure
874,L22857,L,296.51193130082356,310.9749136511166,1493,46.22357288409204,162,0,No Failure
875,M29982,L,297.4379533455444,307.78333350511343,1607,46.17646257425212,168,0,No Failure
876,M11980,M,299.6996777730997,306.6479622511541,1250,39.13032464189786,204,0,No Failure
877,H36431,M,300.3213803867686,306.11250487368534,1465,46.992651373535814,30,0,No Failure
878,L92711,M,298.3092624546197,306.6451787144149,1319,47.98424897302921,84,0,No Failure
879,M48158,M,297.6636459837277,309.52955793984074,1399,40.69400227270755,159,0,No Failure
880,H31563,H,299.354385953621,309.7368027915121,1604,45.886183007837815,181,0,No Failure
881,M15776,H,294.60404725862173,309.1281828071833,1447,40.20618509258289,225,0,No Failure
882,L78916,H,296.56723229184524,308.34850674103,1269,47.0511625777544,199,1,Random Failures
883,H92970,M,294.6675543899501,306.281719115748,1540,39.19168381318221,58,1,Tool Wear Failure
884,M95553,M,296.5514504239668,307.0550885811469,1256,36.95239759153408,40,0,No Failure
885,H71788,M,296.99947370964696,306.4900708839781,1581,34.40004284864192,111,0,No Failure
886,L15655,H,300.36652281690647,309.00923150828936,1238,39.131854833811744,193,0,No Failure
887,M62098,M,294.008407050766,306.55503128170744,1671,40.42194097164151,229,0,No Failure
888,M10526,L,297.5249460996485,307.0786308334196,1488,35.27073669312023,95,0,No Failure
889,L57837,L,299.07934970826716,307.8747691355022,1642,38.749457705021705,181,0,No Failure
890,M21536,M,298.7660959949036,305.64529977035545,1217,37.36725345289617,167,0,No Failure
891,M89083,L,300.3426072003023,308.2201571462613,1639,34.615122268347456,121,1,Power Failure
892,L75455,L,298.39157721789485,307.9892706784467,1419,45.17942330776792,155,0,No Failure
893,L15109,H,298.7114172707217,309.92631371894254,1512,46.05951801552892,164,0,No Failure
894,L59268,M,295.3922397522962,306.9202016824494,1443,45.157163391461545,104,0,No Failure
895,M64615,M,296.6675967127348,306.2012067225315,1551,39.579221046892506,192,0,No Failure
896,H39759,H,295.47594288482793,307.5889105256131,1659,39.88808597304064,232,0,No Failure
897,L70112,L,299.00891216187114,306.50286305984594,1503,34.68413322130325,73,0,No Failure
898,L36589,L,298.6730356776358,308.20873188771964,1497,42.07316447620669,182,0,No Failure
899,M93309,M,298.6203069509252,305.3600977072601,1482,40.8481585309281,131,0,No Failure
900,H72046,L,296.82784958731287,307.24198189493404,1273,54.219736982628405,98,0,No Failure
901,M36143,H,296.690575331025,306.7574424952667,1309,45.435511810078715,125,0,No Failure
902,H31804,H,298.4641703984446,309.0016356156291,1379,41.57622463285427,137,0,No Failure
903,L74288,M,297.14592092084325,306.93415293556194,1625,39.79195344503338,174,0,No Failure
904,M62648,H,296.6193931542516,305.54585636210226,1231,45.00653268538613,74,0,No Failure
905,H42981,H,297.3874159431129,307.84726985459815,1433,35.42130664809739,13,0,No Failure
906,H56167,M,297.158886945947,308.62982921041174,1481,45.698189060070156,37,0,No Failure
907,L53408,H,296.8499155380573,307.7431922101089,1224,34.564282498813505,139,0,No Failure
908,L62269,H,296.3113482748636,307.2330158311713,1530,37.19238071392634,44,0,No Failure
909,H84319,H,298.82303465250834,307.14265684912357,1478,30.8091025029777,144,0,No Failure
910,M58787,L,300.48407415921554,308.319422048663,1425,43.07038111524546,207,0,No Failure
911,L84441,M,298.091493699072,306.81582687614065,1256,41.249645131315944,162,0,No Failure
912,M73483,M,298.48365120545486,307.6572755428842,1379,37.19258487616988,193,0,No Failure
913,L59153,M,298.9545667789025,309.27566985633104,1431,35.35430604512091,74,0,No Failure
914,L37424,L,298.69984863578964,306.1980153816415,1581,46.893611133500336,168,0,No Failure
915,L55004,L,296.8796315075245,308.0844994703896,1542,39.33198031198415,194,0,No Failure
916,M98652,M,300.72976931665386,305.4665158808045,1676,36.16352312739712,28,0,No Failure
917,M60069,L,297.01403422948306,308.4918945050149,1486,49.609664818090124,17,0,No Failure
918,H91061,M,299.1221325469906,306.68178618380136,1263,36.71468540429144,19,0,No Failure
919,H60861,L,298.94528696101435,309.6793877195462,1654,45.69308535726893,238,0,No Failure
920,M91905,H,295.21233768679804,305.93457903553195,1431,34.245047179947136,13,0,No Failure
921,H78577,H,297.6117303746306,308.81311855520147,1488,38.225268848965136,161,0,No Failure
922,M19078,M,298.2349426777182,309.98169661778974,1412,42.51145612691193,176,0,No Failure
923,L61047,L,298.3497268171364,306.6039658978693,1457,39.710815251979874,53,0,No Failure
924,H67660,L,298.6021307732751,306.85717260650756,1217,41.21881510756526,30,0,No Failure
925,H59786,H,299.28649430940993,306.73370653343505,1374,37.305825769879974,57,0,No Failure
926,M93976,H,298.1387269535938,307.4212059673935,1616,32.01101924050203,103,0,No Failure
927,M36015,L,298.6819263520269,308.92613269878416,1428,47.327881921823554,169,0,No Failure
928,L74881,L,298.0825681198414,307.2987425991693,1425,37.61085811312965,185,0,No Failure
929,M13389,L,296.6239995148678,306.46856266219044,1283,41.44506227766169,127,0,No Failure
930,M71550,L,298.1986021620545,305.12186944012507,1490,43.50978745816163,209,1,Heat Dissipation Failure
931,H36630,L,299.2736347663796,310.5529212597686,1634,41.54379102155696,157,0,No Failure
932,H56163,L,299.81318257371305,310.67074344562195,1569,36.45704366530892,24,0,No Failure
933,M37961,M,298.9559734863163,308.9903555592327,1445,45.798824809758855,190,0,No Failure
934,M84137,L,300.15152548892394,306.9344244583625,1601,42.568395875124345,18,0,No Failure
935,H66446,H,298.77829712111344,309.27155317269745,1309,40.99386825172614,199,0,No Failure
936,L46877,M,299.44581973250325,309.5730603762396,1453,40.877924017929445,219,0,No Failure
937,H25313,L,299.55608672391963,307.76862780288087,1287,48.41131172128529,135,1,Random Failures
938,M82715,H,297.8149741886744,308.21205281599833,1271,36.349688903734254,222,0,No Failure
939,H11560,M,299.2390051488515,309.9976523442342,1580,42.07627914183873,2,0,No Failure
940,L93186,H,296.73903265353863,305.6893079644154,1229,37.35685254199911,194,0,No Failure
941,M41890,L,298.6747185138233,309.6476342346832,1371,30.318470968299984,235,0,No Failure
942,H62579,L,299.0155387400027,307.6862692829652,1508,30.186327375685597,85,0,No Failure
943,L93847,L,299.726642681049,306.4811325469834,1593,34.926818125116434,208,0,No Failure
944,L12356,L,299.38113895597195,306.6045402900585,1542,36.70778416993852,227,0,No Failure
945,H99899,M,299.74617127500204,306.8529167982214,1635,50.864748746804324,144,0,No Failure
946,M85717,M,298.00092950481036,306.3348939198482,1376,43.49194217153045,141,0,No Failure
947,M26082,H,297.6319102679949,310.8070834615835,1338,43.9417151042971,242,0,No Failure
948,M47412,L,297.73765186317155,308.88680440775147,1393,36.81460746874822,8,0,No Failure
949,L70315,H,298.5494255956729,309.7467241304128,1385,40.30663584759724,189,0,No Failure
950,M18946,M,295.4368794765366,308.99355243742497,1417,51.53076492373107,93,0,No Failure
951,H55500,L,300.1476354555918,308.24184141270524,1363,33.927911631112174,148,0,No Failure
952,L26309,L,298.2158100397434,308.2621329850484,1360,42.28119398683657,203,0,No Failure
953,H40027,M,297.5274976264973,307.55373104163516,1630,48.056478834551314,164,0,No Failure
954,L82541,M,294.3554256840918,307.6763264353397,1212,44.8297154273612,223,0,No Failure
955,L69321,M,298.0947797407326,306.03784493928066,1495,49.007698069626166,138,0,No Failure
956,L84131,M,297.85228522738635,309.77273922656036,1288,41.06432628263564,19,0,No Failure
957,L88339,M,296.8044303540321,305.4301500709954,1523,43.01726512593549,34,0,No Failure
958,M49443,L,297.1404297323095,306.5620841142062,1241,40.548871933951865,52,0,No Failure
959,M90818,M,298.11004503333226,311.1680511964409,1602,42.6667277956979,174,0,No Failure
960,L82099,L,297.26764531061843,308.3542593245972,1409,35.42396793848289,109,0,No Failure
961,M41860,L,299.0078170992675,308.4165656675453,1428,43.96174204471841,202,0,No Failure
962,M32015,M,297.026824617034,309.1060078216516,1549,41.471241563835285,179,0,No Failure
963,M36958,M,298.38191264428116,305.8394937603179,1474,40.31329683127274,135,0,No Failure
964,M86707,L,299.9200680532167,306.05930995029496,1641,48.73195818907927,3,0,No Failure
965,M55350,M,298.0951062061562,307.4826584801767,1478,38.67307300447613,154,0,No Failure
966,M39426,M,298.6839656859396,306.79495856367845,1450,46.039110173102166,171,0,No Failure
967,H55241,M,298.5889770811009,308.0375660524859,1509,46.53639298549878,167,0,No Failure
968,M96652,H,298.16199534942587,308.87832394295316,1407,44.27772192292731,101,0,No Failure
969,H58364,L,298.0494892870847,310.23374457180586,1520,35.174501646317104,46,0,No Failure
970,M94878,H,297.2929386678251,309.36663250968434,1339,41.79539148671578,93,1,Random Failures
971,L37490,M,298.3765184358367,306.65858493246657,1479,49.7923715056575,171,0,No Failure
972,M29975,H,297.7250987367408,307.5875538830783,1233,30.90723232656648,47,0,No Failure
973,M21561,M,300.46913525235203,307.17958224312554,1508,39.061707528518994,239,0,No Failure
974,M98397,H,299.36671488866483,306.6251586814815,1591,45.811542598341,90,0,No Failure
975,M43142,M,295.97080615616744,306.28373733098323,1217,39.42339700106181,212,0,No Failure
976,L74324,H,296.0542630026729,310.64646858158676,1256,44.04943908486936,179,0,No Failure
977,M14648,H,297.95431019644093,308.16596336484895,1311,47.045955142995616,83,0,No Failure
978,M60677,H,297.55704178384036,307.81365469009285,1204,41.160031415744015,67,0,No Failure
979,L80135,L,297.8752091226671,308.87638634989145,1609,42.544952604277704,138,0,No Failure
980,H57064,H,299.12674219097846,308.95061915561234,1613,40.459354667901,204,0,No Failure
981,M79350,L,298.623603848316,309.8282384805596,1381,41.48902940985158,124,0,No Failure
982,M71272,M,298.6084438456872,307.03450757994983,1212,50.513012174481354,72,0,No Failure
983,L77649,H,300.31929199824305,308.7540833253092,1538,39.68025753659676,3,0,No Failure
984,H23760,M,296.0666626687404,306.78323903547374,1484,38.2342298102721,75,0,No Failure
985,L62233,M,298.30590825122334,307.8647630843919,1458,45.20877114509881,72,0,No Failure
986,H43397,H,297.2814211780791,308.23511385074306,1289,35.78538833879104,76,0,No Failure
987,M86367,L,300.30315367875903,308.3817259935786,1303,36.9263927136738,47,0,No Failure
988,M81260,H,294.835972591265,308.31548165877075,1578,36.95827353023689,153,0,No Failure
989,M86619,M,294.9017776214305,309.3527464738174,1385,38.7206273877098,101,1,Power Failure
990,M29816,M,298.60695444452205,307.2545174135363,1449,38.93900267564971,105,0,No Failure
991,L16276,H,299.8394448389862,308.4225114093552,1454,43.49549794832753,76,0,No Failure
992,H33499,L,299.30988148197554,307.01164274071937,1275,38.28819182370661,38,0,No Failure
993,L92495,L,296.9485288100234,312.5311288488288,1585,43.697317346175936,219,0,No Failure
994,M81635,M,300.40963258300235,306.78070352335453,1658,44.320903524208916,57,0,No Failure
995,L45946,M,296.3027968771087,307.09902101848314,1307,36.7324440033348,18,0,No Failure
996,L61886,L,300.11122628431497,309.47397211551964,1355,44.21353009349225,87,0,No Failure
997,L25563,H,296.50115762446273,307.50580228474826,1281,44.66709241479144,210,0,No Failure
998,L19847,M,297.6222637414941,309.4745691915515,1276,31.19531781684571,112,0,No Failure
999,H77278,L,299.10890430678535,308.3795338905888,1684,41.46740476436983,76,0,No Failure
1000,M10619,M,295.95068825365576,307.5452161001693,1669,37.467959458495436,76,0,No Failure
